[
	{
	"teks": " *Oni-chan Ecchi* ",
	"image": "https://1.bp.blogspot.com/-EqCqqLi4LLc/X75din06ECI/AAAAAAAAA4U/YufEiSol_sUnnyCDJCC_163cB6ONP7amQCLcBGAsYHQ/s600/cosplays_hhh_75588039_172220017622657_764488419083944358_n.jpg"
    }, 
    {
	"teks": " *Oni-chan Ecchi* ",
	"image": "https://1.bp.blogspot.com/-KS2HChzzGPc/X75di1VbfbI/AAAAAAAAA4Y/Ag2eFkY7INQF2ZU40Ci6wdY6LVY8HCjEgCLcBGAsYHQ/s600/cosplays_hhh_75595200_307149783990671_3368511982129168474_n.jpg"
    }, 
    {
	"teks": " *Oni-chan Ecchi* ",
	"image": "https://1.bp.blogspot.com/-QfdjkVdkjcY/X75djAf71ZI/AAAAAAAAA4c/qi4XYwndPbYGCfFo0kd_gCqufGokbeSFgCLcBGAsYHQ/s600/cosplays_hhh_84126184_2678375789076406_3449192162921473328_n.jpg"
    }, 
    {
	"teks": " *Oni-chan Ecchi* ",
	"image": "https://1.bp.blogspot.com/-howV32-otP8/X75djBYfU5I/AAAAAAAAA4g/pvgpxtPESxoS2BPWef280mwUJp9jF7QFwCLcBGAsYHQ/s600/cosplays_hhh_95014816_2697826390541694_3688147434659157818_n.jpg"
    }, 
    {
	"teks": " *Oni-chan Ecchi* ",
	"image": "https://1.bp.blogspot.com/-Sm2YOJgqeso/X75djvocsjI/AAAAAAAAA4o/BLlkVJxdoLIMy4tsVmJQY5FwzZk8yndhgCLcBGAsYHQ/s600/cosplays_hhh_95566586_593021411565589_6207085706470512203_n.jpg"
    }, 
    {
	"teks": " *Oni-chan Ecchi* ",
	"image": "https://1.bp.blogspot.com/-Hj25bsV5gp8/X75djsYoVnI/AAAAAAAAA4k/H0bqLFCbUScRHZB7pRETxcMs1tp2_Fa7ACLcBGAsYHQ/s600/cosplays_hhh_95588176_529915597699796_225236394092029849_n.jpg"
    }, 
    {
	"teks": " *Oni-chan Ecchi* ",
	"image": "https://1.bp.blogspot.com/-6EadjNyIN7Q/X75dj_PCNwI/AAAAAAAAA4s/JP8YvBY9h-U3N-mz4FWs8Vukxs6OnVRygCLcBGAsYHQ/s600/cosplays_hhh_96288465_701633393916920_1041274036178012805_n.jpg"
    }, 

    {
	"teks": " *Oni-chan Ecchi* ",
	"image": "https://1.bp.blogspot.com/-mMM9KxSAJ3s/X75dkClr4pI/AAAAAAAAA4w/uV8ENZECkagIJB37QCdbqfQKqu-86uZqwCLcBGAsYHQ/s600/cosplays_hhh_96376174_670621143762453_967042452088648305_n.jpg"
    }, 
    {
	"teks": " *Oni-chan Ecchi* ",
	"image": "https://1.bp.blogspot.com/-1kvAxDO4ogA/X75dkupp7lI/AAAAAAAAA40/z3w6492aWHIgkey6wtxnACTbg8BbiBzrwCLcBGAsYHQ/s600/cosplays_hhh_96748869_557941954925973_1397817301910935178_n.jpg"
    }, 
    {
	"teks": " *Oni-chan Ecchi* ",
	"image": "https://1.bp.blogspot.com/-3Era2Ctj9Vc/X75dkpF4utI/AAAAAAAAA44/pOn9aSs6Yjo8xwPzwCU_IekwRGh412pxgCLcBGAsYHQ/s600/cosplays_hhh_96749396_2033766656766767_5421893790068711111_n.jpg"
    }, 
    {
	"teks": " *Oni-chan Ecchi* ",
	"image": "https://1.bp.blogspot.com/-JqSj_Tl-keI/X75dk5eqUNI/AAAAAAAAA48/6YUDxAcf4K0f5_LOmbiLylrsSuztuujpgCLcBGAsYHQ/s600/cosplays_hhh_96753014_560285031593053_5557733423852428421_n.jpg"
    }, 
    {
	"teks": " *Oni-chan Ecchi* ",
	"image": "https://1.bp.blogspot.com/-FvBnfTkV2kc/X75dlsb9a0I/AAAAAAAAA5E/fy6tU-BzeUYF6AoEpPallWzxs8NjLWmEACLcBGAsYHQ/s600/cosplays_hhh_97151479_1671899682962434_8138173634531846945_n.jpg"
    }, 
    {
	"teks": " *Oni-chan Ecchi* ",
	"image": "https://1.bp.blogspot.com/-jEA_yPjDH-M/X75dlW1-rgI/AAAAAAAAA5A/HWg8_S3eoooGO1nckGL6dE8S1_PT85PZwCLcBGAsYHQ/s600/cosplays_hhh_97278546_109767423929752_3680014947985698518_n.jpg"
    }, 
    {
	"teks": " *Oni-chan Ecchi* ",
	"image": "https://1.bp.blogspot.com/-TwINQIM6Pgs/X75dlpv2aHI/AAAAAAAAA5I/7HY3NcwsOjc6P9vGMujbm0Z_YvbLCNQjQCLcBGAsYHQ/s600/cosplays_hhh_97526842_664358587747597_7252599062817733662_n.jpg"
    }, 
    {
	"teks": " *Oni-chan Ecchi* ",
	"image": "https://1.bp.blogspot.com/-Uidtp5rHb0w/X75dmAdSqpI/AAAAAAAAA5M/OYINXR05Lz4DSiUIaJeaKuO3psssi40ugCLcBGAsYHQ/s600/cosplays_hhh_97861043_560535148211246_6047554828612100477_n.jpg"
    }, 
    {
	"teks": " *Oni-chan Ecchi* ",
	"image": "https://1.bp.blogspot.com/-MrkJcVRBgs4/X75dmfL-dCI/AAAAAAAAA5U/0I906G_lszUHucbbWg3OpNBeXAg42aqYACLcBGAsYHQ/s600/cosplays_hhh_98103798_2679572065609709_5219140980179959136_n.jpg"
    }, 
    {
	"teks": " *Oni-chan Ecchi* ",
	"image": "https://1.bp.blogspot.com/-3M5sFSZKQWA/X75dmXdEyuI/AAAAAAAAA5Q/o-U7OOEDWRA_QCJxhj13sP8s9oBJFnEewCLcBGAsYHQ/s600/cosplays_hhh_98244514_1775513029257475_9132896335228387108_n.jpg"
    }, 
    {
	"teks": " *Oni-chan Ecchi* ",
	"image": "https://1.bp.blogspot.com/-IvsDFq3rUsc/X75dm4IKVhI/AAAAAAAAA5Y/WacGXn2gJHY2z_6Z1eeh7BsCUcUWmGzqQCLcBGAsYHQ/s600/cosplays_hhh_98291130_126093189088574_7858071012302074176_n.jpg"
    }, 
    {
	"teks": " *Oni-chan Ecchi* ",
	"image": "https://1.bp.blogspot.com/-xBD2LFU06ps/X75dnDvaKvI/AAAAAAAAA5c/RMNzUpSHDeI7RevvedBvaYSQCrYfT7_ngCLcBGAsYHQ/s600/cosplays_hhh_98291132_1078476519219807_3909342222159655116_n.jpg"
    }, 
    {
	"teks": " *Oni-chan Ecchi* ",
	"image": "https://1.bp.blogspot.com/-LF9DHmUAnhU/X75dnXE0SYI/AAAAAAAAA5g/mxG7jhIwVpELVyAsrUno_zHqygRrEUs9wCLcBGAsYHQ/s600/cosplays_hhh_99430653_614267352507770_4686481871812781329_n.jpg"
    }, 

    {
	"teks": " *Oni-chan Ecchi* ",
	"image": "https://1.bp.blogspot.com/-LF9DHmUAnhU/X75dnXE0SYI/AAAAAAAAA5g/mxG7jhIwVpELVyAsrUno_zHqygRrEUs9wCLcBGAsYHQ/s600/cosplays_hhh_99430653_614267352507770_4686481871812781329_n.jpg"
    }, 
    {
	"teks": " *Oni-chan Ecchi* ",
	"image": "https://1.bp.blogspot.com/-rhqhEiI9Q2U/X75dBlDJcfI/AAAAAAAAAwE/FWPe9j4ZBgEAud2AKufFZAijCxnbR2QkgCLcBGAsYHQ/s600/cosplays_hhh_117987912_340584083642025_3777576281330950752_n.jpg"
    }, 
    {
	"teks": " *Oni-chan Ecchi* ",
	"image": "https://1.bp.blogspot.com/-1VIcaoMQUuQ/X75dBnsgfsI/AAAAAAAAAwA/F968co4sdw8pPupNNR8x3O3wActbDf7JQCLcBGAsYHQ/s600/cosplays_hhh_117987913_181102926758443_6799465068097461849_n.jpg"
    }, 
    {
	"teks": " *Oni-chan Ecchi* ",
	"image": "https://1.bp.blogspot.com/-by8Z_knCx-M/X75dBi0-hfI/AAAAAAAAAv8/9MqA3dnVpfQz5CQ6P4QBaPjbZgYsgfr6ACLcBGAsYHQ/s600/cosplays_hhh_118147522_1057634877972526_1251480801050010628_n.jpg"
    }, 
    {
	"teks": " *Oni-chan Ecchi* ",
	"image": "https://1.bp.blogspot.com/-w2UmJsn4gfk/X75dCU4gsrI/AAAAAAAAAwI/7x0e5dFJuXY30X_j2Qye_0ejJ-CjgCrUACLcBGAsYHQ/s600/cosplays_hhh_118213941_624984248444417_785428601674803504_n.jpg"
    }, 
    {
	"teks": " *Oni-chan Ecchi* ",
	"image": "https://1.bp.blogspot.com/-xD5il9_TB-A/X75dCn2L89I/AAAAAAAAAwM/-vRTqpSfZn4tdtZlau9O5SyRFe_yxt_cwCLcBGAsYHQ/s600/cosplays_hhh_118280397_189861582598688_8712464188002571824_n.jpg"
    },
    {
	"teks": " *Oni-chan Ecchi* ",
	"image": "https://1.bp.blogspot.com/-msxJAguqqpk/X75dCsPwfBI/AAAAAAAAAwQ/yMdE8zs1HF4QIoK0HalRsAhn6rdc3xG0wCLcBGAsYHQ/s600/cosplays_hhh_118295525_663981274471348_1143661179864008266_n.jpg"
    }, 
    {
	"teks": " *Oni-chan Ecchi* ",
	"image": "https://1.bp.blogspot.com/-vAXeMFk2jLY/X75dDO-vblI/AAAAAAAAAwU/B4ZIJMQaanshMUD0ke4uUeGKoi1nEY0mACLcBGAsYHQ/s600/cosplays_hhh_118301576_1633200086859534_6232169184448567413_n.jpg"
    }, 
    {
	"teks": " *Oni-chan Ecchi* ",
	"image": "https://1.bp.blogspot.com/-LO88Hc2nkd8/X75dDp49FSI/AAAAAAAAAwY/rkQdcnvgTO87BP0Wvto8LsKRF15nYTu9ACLcBGAsYHQ/s600/cosplays_hhh_118398350_128649838594052_3755500335361852405_n.jpg"
    }, 
    {
	"teks": " *Oni-chan Ecchi* ",
	"image": "https://1.bp.blogspot.com/-tXNFE-0cV38/X75dDqBZxMI/AAAAAAAAAwc/VCML2akSpVkqZNQsk_M-5xzTeeA3-IK2ACLcBGAsYHQ/s600/cosplays_hhh_118401195_679219612682985_357541347309956559_n.jpg"
    }, 
    {
	"teks": " *Oni-chan Ecchi* ",
	"image": "https://1.bp.blogspot.com/-cxnIxnkuUOs/X75dELZj5KI/AAAAAAAAAwg/4aphDF2x9V0SRdt28QoemRq1ElDJoyzswCLcBGAsYHQ/s600/cosplays_hhh_118404107_965445037275165_5222477361946830985_n.jpg"
    }, 
    {
	"teks": " *Oni-chan Ecchi* ",
	"image": "https://1.bp.blogspot.com/-uEIjEYbYQk0/X75dERDqhfI/AAAAAAAAAwk/ZaUZMmglzl0t_V_fNSS_uFajb7goOXgMQCLcBGAsYHQ/s600/cosplays_hhh_118409764_171092174486302_9150139455544792085_n.jpg"
    }, 
    {
	"teks": " *Oni-chan Ecchi* ",
	"image": "https://1.bp.blogspot.com/-20aar2dSTQk/X75dEb8cTGI/AAAAAAAAAwo/7ukETbM3WlE5cox7LuEgJBfVZsHQpU8jQCLcBGAsYHQ/s600/cosplays_hhh_118515207_763350384463737_4504986810841485371_n.jpg"
    }, 

    {
	"teks": " *Oni-chan Ecchi* ",
	"image": "https://1.bp.blogspot.com/-QazDNa2zGbw/X75dE7YQ5II/AAAAAAAAAws/zbjSzpyyunMP3-wMVYkR-lCJlKuIao_LwCLcBGAsYHQ/s600/cosplays_hhh_118603554_319529469270555_1393040970090268319_n.jpg"
    }, 
    {
	"teks": " *Oni-chan Ecchi* ",
	"image": "https://1.bp.blogspot.com/-Tu99mjLFFRI/X75dFOQsqmI/AAAAAAAAAww/yGBNraDTUac-5XkAsmW-rbPWHuc_Bc5bwCLcBGAsYHQ/s600/cosplays_hhh_118612280_2973232982800150_5597705112442036372_n.jpg"
    }, 
    {
	"teks": " *Oni-chan Ecchi* ",
	"image": "https://1.bp.blogspot.com/-KzZvRXfBSWQ/X75dFa-G4NI/AAAAAAAAAw0/NZqObjVRnP0reZQLduwOs_FBtLBdKLfpACLcBGAsYHQ/s600/cosplays_hhh_118648811_685766232287229_2829976048506373408_n.jpg"
    }, 
    {
	"teks": " *Oni-chan Ecchi* ",
	"image": "https://1.bp.blogspot.com/-4waPxFMvuUk/X75dFdSW03I/AAAAAAAAAw4/4cin3tD1O2gcjiP7Q625EURftqLdlSX2gCLcBGAsYHQ/s600/cosplays_hhh_118649510_305651334039251_5416192663488768716_n.jpg"
    }, 
    {
	"teks": " *Oni-chan Ecchi* ",
	"image": "https://1.bp.blogspot.com/-1ugCGwFWDJ0/X75dF5yngBI/AAAAAAAAAw8/UNhYv9Gr-O0xL49HpfLTJaVUOIn-zIigwCLcBGAsYHQ/s600/cosplays_hhh_118691690_119236083036019_4455794055938649336_n.jpg"
    }, 
    {
	"teks": " *Oni-chan Ecchi* ",
	"image": "https://1.bp.blogspot.com/-t3yKdrY3nUQ/X75dGPEjFxI/AAAAAAAAAxA/xlvSfq_HFOIpQYi2n-W1A2iT9d1QLKz_wCLcBGAsYHQ/s600/cosplays_hhh_118710659_968454350304646_8662368298957052721_n.jpg"
    },
    {
	"teks": " *Oni-chan Ecchi* ",
	"image": "https://1.bp.blogspot.com/-Ghut42_8L8U/X75dGXx4WzI/AAAAAAAAAxE/v7sm8fL74bYFk70XEE5iTsQQlNlTltrMgCLcBGAsYHQ/s600/cosplays_hhh_118711734_310833110189467_2446760559915736258_n.jpg"
    }, 
    {
	"teks": " *Oni-chan Ecchi* ",
	"image": "https://1.bp.blogspot.com/-6pOdy9JN9S8/X75dGhxZX6I/AAAAAAAAAxI/M19gfzZl3MkZrg2bPTwiF6jlQBGP7tTAQCLcBGAsYHQ/s600/cosplays_hhh_118715287_753587795202203_3826167098467480418_n.jpg"
    }, 
    {
	"teks": " *Oni-chan Ecchi* ",
	"image": "https://1.bp.blogspot.com/-LzAzZ0cYpBI/X75dGs-qJjI/AAAAAAAAAxM/jObcv1Ms5zAwkBzBTmPdY5YYP01V3HpKwCLcBGAsYHQ/s600/cosplays_hhh_118780089_310530256897859_2673951972325088476_n.jpg"
    }, 
    {
	"teks": " *Oni-chan Ecchi* ",
	"image": "https://1.bp.blogspot.com/-Tyic4dT1YZM/X75dGxT87-I/AAAAAAAAAxQ/-hiFyS4V-iYVdgxZnJRWC9xyP6jzRl3UACLcBGAsYHQ/s600/cosplays_hhh_118825938_141983080919342_7182158721470696960_n.jpg"
    }, 
    {
	"teks": " *Oni-chan Ecchi* ",
	"image": "https://1.bp.blogspot.com/-3msYJ0pqNvQ/X75dHE9YRGI/AAAAAAAAAxU/VeAXkcBG0rYR1d7DFrUjxjCzwnhtCvKCgCLcBGAsYHQ/s600/cosplays_hhh_118884307_357358452099511_2339245854640097176_n.jpg"
    }, 
    {
	"teks": " *Oni-chan Ecchi* ",
	"image": "https://1.bp.blogspot.com/-skVbx8Uv_p4/X75dHTADTeI/AAAAAAAAAxY/c6yEH6sbqG0v5iaUJsmk-oqqT33i_prKgCLcBGAsYHQ/s600/cosplays_hhh_118966837_781358752696474_1308133621375731892_n.jpg"
    }, 
    {
	"teks": " *Oni-chan Ecchi* ",
	"image": "https://1.bp.blogspot.com/-Qsg7moUsoFY/X75dH5wf_TI/AAAAAAAAAxc/vkOBsiZb_HIvCZEKQCDzc8c6ijreF0oOACLcBGAsYHQ/s600/cosplays_hhh_118985610_651782685723567_7774701997898021036_n.jpg"
    }, 

    {
	"teks": " *Oni-chan Ecchi* ",
	"image": "https://1.bp.blogspot.com/-_RvB-Tod260/X75dH_9phyI/AAAAAAAAAxg/UZNY6CP5orwmQTF1e9LpBe8jQqTKI23TgCLcBGAsYHQ/s600/cosplays_hhh_118993917_2776794029221701_1302664728252561070_n.jpg"
    }, 
    {
	"teks": " *Oni-chan Ecchi* ",
	"image": "https://1.bp.blogspot.com/-21OlKl6CQIQ/X75dIPWs_hI/AAAAAAAAAxk/aibyFJi_4hYIzRuzZ6mNnOdtLD0GsDQHQCLcBGAsYHQ/s600/cosplays_hhh_119042279_1190699277970272_3729111035271474162_n.jpg"
    }, 
    {
	"teks": " *Oni-chan Ecchi* ",
	"image": "https://1.bp.blogspot.com/-PPsx6Y6XiLM/X75dIURCKPI/AAAAAAAAAxo/3QCahZBP9R0rti6BY5piCK8bSnYGHok5wCLcBGAsYHQ/s600/cosplays_hhh_119047230_199883094818434_7040948953799688290_n.jpg"
    }, 
    {
	"teks": " *Oni-chan Ecchi* ",
	"image": "https://1.bp.blogspot.com/-QPK96wdCaq0/X75dIk5ZPhI/AAAAAAAAAxs/Rmyv0ivWrbkGprDCg4RiBeNOPQmxuXBvACLcBGAsYHQ/s600/cosplays_hhh_119049021_1643366379166610_4829503684133062198_n.jpg"
    }, 
    {
	"teks": " *Oni-chan Ecchi* ",
	"image": "https://1.bp.blogspot.com/-OnpSauzAzjI/X75dI92SwcI/AAAAAAAAAxw/iERgE4IBwG8NilaFQjtSJdTyiESYiSSCgCLcBGAsYHQ/s600/cosplays_hhh_119073049_137559628042312_5833601162093895325_n.jpg"
    }, 
    {
	"teks": " *Oni-chan Ecchi* ",
	"image": "https://1.bp.blogspot.com/-OiWkXFdwi8I/X75dI9PFzHI/AAAAAAAAAx0/cSOJEOue164qwa84Rk9mmAdMrlO3yIEugCLcBGAsYHQ/s600/cosplays_hhh_119111429_798133367611234_3209759171299769853_n.jpg"
    },
    {
	"teks": " *Oni-chan Ecchi* ",
	"image": "https://1.bp.blogspot.com/-x3Sd7UbgrUM/X75dJL8Bi4I/AAAAAAAAAx4/RYoipC3Qsz0pbDEzci3pLfnrFaGZ6pDVwCLcBGAsYHQ/s600/cosplays_hhh_119116454_359665515167497_7624079030632845962_n.jpg"
    }, 
    {
	"teks": " *Oni-chan Ecchi* ",
	"image": "https://1.bp.blogspot.com/-2Vfo1z-1fRY/X75dJ6tHfuI/AAAAAAAAAyA/t5U2EC1XCKA1f0PYWUCk3udsRyWVV_tyACLcBGAsYHQ/s600/cosplays_hhh_119160934_773768823380571_6323520991910516371_n.jpg"
    }, 
    {
	"teks": " *Oni-chan Ecchi* ",
	"image": "https://1.bp.blogspot.com/-rXFLVjOMyZo/X75dJp5z_-I/AAAAAAAAAx8/2OYFq37eHscSYGu_ttCERA5U48_gUqKLgCLcBGAsYHQ/s600/cosplays_hhh_119186821_316092146124433_4131325395027594758_n.jpg"
    }, 
    {
	"teks": " *Oni-chan Ecchi* ",
	"image": "https://1.bp.blogspot.com/-fJV2dnU2DHE/X75dKK6xv2I/AAAAAAAAAyE/unCUXovX-icbDOIPTStoijk0aB8m38XlACLcBGAsYHQ/s600/cosplays_hhh_119210913_124192975806992_5890231344713869671_n.jpg"
    }, 
    {
	"teks": " *Oni-chan Ecchi* ",
	"image": "https://1.bp.blogspot.com/--By6EFSZsF8/X75dKJkfYfI/AAAAAAAAAyI/p60JQMWhTfMA0JIV3SAACz_5dOCRPgjYQCLcBGAsYHQ/s600/cosplays_hhh_119220816_2033136226820661_7017222167896712206_n.jpg"
    }, 
    {
	"teks": " *Oni-chan Ecchi* ",
	"image": "https://1.bp.blogspot.com/-3qtRB8pz9_M/X75dKSnuDnI/AAAAAAAAAyM/g9D9JuECX1Q-wg8fDuw-KudSB7XuvcKiwCLcBGAsYHQ/s600/cosplays_hhh_119461810_204640944413016_7648950388352774182_n.jpg"
    }, 
    {
	"teks": " *Oni-chan Ecchi* ",
	"image": "https://1.bp.blogspot.com/-eOSTNwIzj0U/X75dK84dXbI/AAAAAAAAAyQ/PO3u4rjogJAN3C7G3k-hUThLQh-oq34lACLcBGAsYHQ/s600/cosplays_hhh_119553502_1904306923040490_8126145232229003314_n.jpg"
    }, 

    {
	"teks": " *Oni-chan Ecchi* ",
	"image": "https://1.bp.blogspot.com/-Ug9kr4Atzec/X75dK0ClMRI/AAAAAAAAAyU/Rmfp6jojEWo5iK-3nraDjiGO-VWGR3sUACLcBGAsYHQ/s600/cosplays_hhh_119600410_1481589182050577_3897865604521470182_n.jpg"
    }, 
    {
	"teks": " *Oni-chan Ecchi* ",
	"image": "https://1.bp.blogspot.com/-PIKfDJt16h8/X75dLXKVUDI/AAAAAAAAAyY/lNhxVub2BqQgrZH3s5JPFX909BxVV4XgQCLcBGAsYHQ/s600/cosplays_hhh_119668635_333857774625488_8124414446312525039_n.jpg"
    }, 
    {
	"teks": " *Oni-chan Ecchi* ",
	"image": "https://1.bp.blogspot.com/-TaVpk-EB848/X75dLiZ9EJI/AAAAAAAAAyg/6uCVsdrkXnQJGXXm3xxz86IYER9NJrKBgCLcBGAsYHQ/s600/cosplays_hhh_119690928_897767250752538_4627702319652323298_n.jpg"
    }, 
    {
	"teks": " *Oni-chan Ecchi* ",
	"image": "https://1.bp.blogspot.com/-TaVpk-EB848/X75dLiZ9EJI/AAAAAAAAAyg/6uCVsdrkXnQJGXXm3xxz86IYER9NJrKBgCLcBGAsYHQ/s600/cosplays_hhh_119690928_897767250752538_4627702319652323298_n.jpg"
    }, 
    {
	"teks": " *Oni-chan Ecchi* ",
	"image": "https://1.bp.blogspot.com/-0jLAHTMSbyg/X75dLoXQYFI/AAAAAAAAAyc/nuOwiL5A9lkQLaEpsJA7DaxohYJ1Ws9RACLcBGAsYHQ/s600/cosplays_hhh_119713094_714193985832211_8214541150960998455_n.jpg"
    }, 
    {
	"teks": " *Oni-chan Ecchi* ",
	"image": "https://1.bp.blogspot.com/-aEqsXAQtkag/X75dL2E2fuI/AAAAAAAAAyk/SxEOJmXSBzkN2P1IQMehDSdx4jMXVZnkACLcBGAsYHQ/s600/cosplays_hhh_119739649_665287830756937_4506556720922160387_n.jpg"
    },
    {
	"teks": " *Oni-chan Ecchi* ",
	"image": "https://1.bp.blogspot.com/-BcNgXCjdDjA/X75dMmM4EvI/AAAAAAAAAyo/aiVQoKxS4Y48kEMIvnbf5gD1Tuy73OxkACLcBGAsYHQ/s600/cosplays_hhh_119865896_324223701970945_9057498604079049176_n.jpg"
    }, 
    {
	"teks": " *Oni-chan Ecchi* ",
	"image": "https://1.bp.blogspot.com/-2aFtYc-_qoc/X75dMWTbSPI/AAAAAAAAAys/9148CPhQ88QrTtnWQYl-XtAViX6_1gxWACLcBGAsYHQ/s600/cosplays_hhh_119887357_780329569409347_7766448759839584273_n.jpg"
    }, 
    {
	"teks": " *Oni-chan Ecchi* ",
	"image": "https://1.bp.blogspot.com/-xLvWOMQkNAQ/X75dMrDSa0I/AAAAAAAAAyw/Svjj4zdiuFw3sruR3bjaDz4XPSbIOkoqACLcBGAsYHQ/s600/cosplays_hhh_120038821_651555415478020_7966586488684318113_n.jpg"
    }, 
    {
	"teks": " *Oni-chan Ecchi* ",
	"image": "https://1.bp.blogspot.com/-rHgGhoBpPlo/X75dNZVualI/AAAAAAAAAy0/W0ppRqjtqRs9sCUbCcek-ea--Nf4ZFt5QCLcBGAsYHQ/s600/cosplays_hhh_120041951_780269102806530_3126240031830407777_n.jpg"
    }, 
    {
	"teks": " *Oni-chan Ecchi* ",
	"image": "https://1.bp.blogspot.com/-aHxfIiDgsnc/X75dNrrWGsI/AAAAAAAAAy4/Hkbfn-i3jKwjOdn7ZCUlc_CaqGLYwIFngCLcBGAsYHQ/s600/cosplays_hhh_120075176_956573868155503_8002534748107108809_n.jpg"
    }, 
    {
	"teks": " *Oni-chan Ecchi* ",
	"image": "https://1.bp.blogspot.com/-u1KdnmCb3tE/X75dN2Zd_yI/AAAAAAAAAy8/Yn2s0ppRotw-C9FdR1Q5iXbKI1vBHAozQCLcBGAsYHQ/s600/cosplays_hhh_120097611_1505544722963158_2127645517243957631_n.jpg"
    }, 
    {
	"teks": " *Oni-chan Ecchi* ",
	"image": "https://1.bp.blogspot.com/-HsqaZJzGCyQ/X75dOGx8DFI/AAAAAAAAAzA/fio56-bp4Uc3rUTyx7Enmus4AREBsg2-ACLcBGAsYHQ/s600/cosplays_hhh_120156464_640027300038722_3962537843145624353_n.jpg"
    }, 

    {
	"teks": " *Oni-chan Ecchi* ",
	"image": "https://1.bp.blogspot.com/-DO3ATedwVrQ/X75dOXHkQSI/AAAAAAAAAzE/7-Agkx4lm689jWKRV0r6cEKciJWDtKCZgCLcBGAsYHQ/s600/cosplays_hhh_120231458_365599611515941_9026048632820731658_n.jpg"
    }, 
    {
	"teks": " *Oni-chan Ecchi* ",
	"image": "https://1.bp.blogspot.com/-H5z30aw7kqU/X75dOpEuO-I/AAAAAAAAAzM/B3mcJRmyXZcgVp1fA3TcKLiB-8NcAjR5ACLcBGAsYHQ/s600/cosplays_hhh_120238581_397378851271747_6318550224520388888_n.jpg"
    }, 
    {
	"teks": " *Oni-chan Ecchi* ",
	"image": "https://1.bp.blogspot.com/-H5z30aw7kqU/X75dOpEuO-I/AAAAAAAAAzM/B3mcJRmyXZcgVp1fA3TcKLiB-8NcAjR5ACLcBGAsYHQ/s600/cosplays_hhh_120238581_397378851271747_6318550224520388888_n.jpg"
    }, 
    {
	"teks": " *Oni-chan Ecchi* ",
	"image": "https://1.bp.blogspot.com/-ksPMctZ9yF8/X75dOl6UI2I/AAAAAAAAAzI/y8xfspwDC2YpwVWQNUT9eWXvZLBGKD9CwCLcBGAsYHQ/s600/cosplays_hhh_120252937_131297272033171_2752608728088389938_n.jpg"
    }, 
    {
	"teks": " *Oni-chan Ecchi* ",
	"image": "https://1.bp.blogspot.com/-ksPMctZ9yF8/X75dOl6UI2I/AAAAAAAAAzI/y8xfspwDC2YpwVWQNUT9eWXvZLBGKD9CwCLcBGAsYHQ/s600/cosplays_hhh_120252937_131297272033171_2752608728088389938_n.jpg"
    }, 
    {
	"teks": " *Oni-chan Ecchi* ",
	"image": "https://1.bp.blogspot.com/-FE-tuYjuvhM/X75dPvUQAtI/AAAAAAAAAzY/3bZxi3O7yxI1IBhvc-npGm6yPnks-R2VgCLcBGAsYHQ/s600/cosplays_hhh_120319416_185727139661905_3423736179682113571_n.jpg"
    },
    {
	"teks": " *Oni-chan Ecchi* ",
	"image": "https://1.bp.blogspot.com/-gThv_frSdBA/X75dPrVg12I/AAAAAAAAAzU/GIfoF4wkRU4FlQsBS7gNDyubqPCqTlAFACLcBGAsYHQ/s600/cosplays_hhh_120342081_766791964102292_3552246318568877541_n.jpg"
    }, 
    {
	"teks": " *Oni-chan Ecchi* ",
	"image": "https://1.bp.blogspot.com/-q6YxYqgMNU4/X75dP92WKqI/AAAAAAAAAzc/OFWgEY5j--saQYCFdRWtq_KGUsq6nmrQACLcBGAsYHQ/s600/cosplays_hhh_120348805_332989547764842_4024493899922813439_n.jpg"
    }, 
    {
	"teks": " *Oni-chan Ecchi* ",
	"image": "https://1.bp.blogspot.com/-O23pPMn8oJg/X75dQJFej5I/AAAAAAAAAzg/Ch9C9LhjXtgNIkofCN7XMg-GKRSon5K8gCLcBGAsYHQ/s600/cosplays_hhh_120367374_1447917242074497_4378504156714565653_n.jpg"
    }, 
    {
	"teks": " *Oni-chan Ecchi* ",
	"image": "https://1.bp.blogspot.com/-psxIpvEKrZY/X75dQHJsrII/AAAAAAAAAzk/Nxn10-XKGf4FaEec1WlJC4zYYSpRc0jOwCLcBGAsYHQ/s600/cosplays_hhh_120421191_673178073302034_5507281042661103052_n.jpg"
    }, 
    {
	"teks": " *Oni-chan Ecchi* ",
	"image": "https://1.bp.blogspot.com/-y2AmEYyw8Cg/X75dQq7BRSI/AAAAAAAAAzs/83rlF8XnHmYS0nKakejkY7bEZy6W4kH6wCLcBGAsYHQ/s600/cosplays_hhh_120454714_178176407096283_3066708977474953745_n.jpg"
    }, 
    {
	"teks": " *Oni-chan Ecchi* ",
	"image": "https://1.bp.blogspot.com/-OWJ6ucYv0po/X75dQii4rwI/AAAAAAAAAzo/MURh1TLHKiw3_XguuVLID49PHXP7rBeMgCLcBGAsYHQ/s600/cosplays_hhh_120538496_372632880577603_5112299716441942087_n.jpg"
    }, 
    {
	"teks": " *Oni-chan Ecchi* ",
	"image": "https://1.bp.blogspot.com/-P1LIVB3n2sU/X75dQnnwNBI/AAAAAAAAAzw/PzBk02R5tOgrZZD5rL4IZ8QWqmcb5K2IgCLcBGAsYHQ/s600/cosplays_hhh_120550105_824269265021203_6861823020539905830_n.jpg"
    }, 

    {
	"teks": " *Oni-chan Ecchi* ",
	"image": "https://1.bp.blogspot.com/-YqvWj5lyxtQ/X75dRU7MgaI/AAAAAAAAAz0/VhBDNsJ4sVksh8URgOVrn3bQ0H8S4064QCLcBGAsYHQ/s600/cosplays_hhh_120599936_434884514162279_3978738358441433932_n.jpg"
    }, 
    {
	"teks": " *Oni-chan Ecchi* ",
	"image": "https://1.bp.blogspot.com/-_LZWHj4YNz8/X75dRmEuGJI/AAAAAAAAAz4/1pFvurguGpYaYiRukVXZhp6058KGHAIMgCLcBGAsYHQ/s600/cosplays_hhh_120659258_942367359586051_5042005216208645692_n.jpg"
    }, 
    {
	"teks": " *Oni-chan Ecchi* ",
	"image": "https://1.bp.blogspot.com/-kjIKnQpDm0k/X75dR-UavMI/AAAAAAAAAz8/nx2O-eQGm_cT-6kq0W-ohNQqL8h6w433QCLcBGAsYHQ/s600/cosplays_hhh_120802715_992762467898033_8897767356259344988_n.jpg"
    }, 
    {
	"teks": " *Oni-chan Ecchi* ",
	"image": "https://1.bp.blogspot.com/-lksM31x6UZw/X75dSNxYTkI/AAAAAAAAA0A/FsC_5TR8oMwj6gNWJQafkK7mmAjKo9PfQCLcBGAsYHQ/s600/cosplays_hhh_120810451_1556077634579718_6754406538734307269_n.jpg"
    }, 
    {
	"teks": " *Oni-chan Ecchi* ",
	"image": "https://1.bp.blogspot.com/-HFlyrNA-qTs/X75dSGjhDMI/AAAAAAAAA0E/Xj53UnBy5gAXY-jysZefmJJXPDL53qCwQCLcBGAsYHQ/s600/cosplays_hhh_120840064_3335894016460269_6515065525796430584_n.jpg"
    }, 
    {
	"teks": " *Oni-chan Ecchi* ",
	"image": "https://1.bp.blogspot.com/-HFlyrNA-qTs/X75dSGjhDMI/AAAAAAAAA0E/Xj53UnBy5gAXY-jysZefmJJXPDL53qCwQCLcBGAsYHQ/s600/cosplays_hhh_120840064_3335894016460269_6515065525796430584_n.jpg"
    },
    {
	"teks": " *Oni-chan Ecchi* ",
	"image": "https://1.bp.blogspot.com/-_-dMmVIRyr0/X75dSzX1D4I/AAAAAAAAA0M/niCFNUSq61QJrNyhzlrq1QzaUK5WbZyagCLcBGAsYHQ/s600/cosplays_hhh_120970967_2694256647513197_8904570185896529899_n.jpg"
    }, 
    {
	"teks": " *Oni-chan Ecchi* ",
	"image": "https://1.bp.blogspot.com/-I20RG1gvCjM/X75dSyBQaTI/AAAAAAAAA0Q/4ZwHfiSgTQ07e_mx63tx1e1KoouAIEk5wCLcBGAsYHQ/s600/cosplays_hhh_121036018_1101743610228357_4043304659520326419_n.jpg"
    }, 
    {
	"teks": " *Oni-chan Ecchi* ",
	"image": "https://1.bp.blogspot.com/-6EU9qHlxW0Q/X75dTD1VbcI/AAAAAAAAA0U/Tf4lUsSBrwo30MhneLvJOwlL8lLQets-ACLcBGAsYHQ/s600/cosplays_hhh_121173564_132287971571131_4984104662610503136_n.jpg"
    }, 
    {
	"teks": " *Oni-chan Ecchi* ",
	"image": "https://1.bp.blogspot.com/-6EU9qHlxW0Q/X75dTD1VbcI/AAAAAAAAA0U/Tf4lUsSBrwo30MhneLvJOwlL8lLQets-ACLcBGAsYHQ/s600/cosplays_hhh_121173564_132287971571131_4984104662610503136_n.jpg"
    }, 
    {
	"teks": " *Oni-chan Ecchi* ",
	"image": "https://1.bp.blogspot.com/-U-u5xLAsB4w/X75dTSz4gfI/AAAAAAAAA0Y/u8EKrjNbBi82-_UUAQSPFpqXU7qm6n-TgCLcBGAsYHQ/s600/cosplays_hhh_121188251_346244226456854_8763348716181581716_n.jpg"
    }, 
    {
	"teks": " *Oni-chan Ecchi* ",
	"image": "https://1.bp.blogspot.com/-cmnGLdwnse0/X75dTkgV2RI/AAAAAAAAA0c/dDzUPw3zdHQnA0Dybz0_UswxImQCXCzPgCLcBGAsYHQ/s600/cosplays_hhh_121231719_364695104583374_7512770424488627974_n.jpg"
    }, 
    {
	"teks": " *Oni-chan Ecchi* ",
	"image": "https://1.bp.blogspot.com/-R2Ji7dpV1jQ/X75dT-CcJVI/AAAAAAAAA0g/bfGmiqmIVTMZyJ6vanZyWpWzgAuOl-nswCLcBGAsYHQ/s600/cosplays_hhh_121317507_637519383604977_9075363790786938636_n.jpg"
    }, 

    {
	"teks": " *Oni-chan Ecchi* ",
	"image": "https://1.bp.blogspot.com/-L-W2Nc3yFoM/X75dUDTF0uI/AAAAAAAAA0k/CIamPczJ8FkEsuCpveI89Dag2SWeka3NACLcBGAsYHQ/s600/cosplays_hhh_121411347_123535395943717_1495561293494744933_n.jpg"
    }, 
    {
	"teks": " *Oni-chan Ecchi* ",
	"image": "https://1.bp.blogspot.com/-StS8904CH40/X75dUWek3wI/AAAAAAAAA0o/T1_HYYijenQoVgJorwVFSvwGy6QzMUQUgCLcBGAsYHQ/s600/cosplays_hhh_121511334_193391038850767_4271392729459976100_n.jpg"
    }, 
    {
	"teks": " *Oni-chan Ecchi* ",
	"image": "https://1.bp.blogspot.com/-3aKUze_9Q3c/X75dUlCXNVI/AAAAAAAAA0s/NBDSh-6M3NwyP2T3QUmDbadEs1Igr-3hgCLcBGAsYHQ/s600/cosplays_hhh_121538086_170809101311228_8543327355547903704_n.jpg"
    }, 
    {
	"teks": " *Oni-chan Ecchi* ",
	"image": "https://1.bp.blogspot.com/-PoZZ3Arpa_0/X75dUl2vjPI/AAAAAAAAA0w/28hhYM60NFMWVyt9WdBGlrk7rtr8EDfDwCLcBGAsYHQ/s600/cosplays_hhh_121613448_375367580275123_2642758313249886937_n.jpg"
    }, 
    {
	"teks": " *Oni-chan Ecchi* ",
	"image": "https://1.bp.blogspot.com/-bteEnfyI6V4/X75dVFOKX7I/AAAAAAAAA00/IyGclFam-5oyRJAVXV3eU3LhQDfxjslQACLcBGAsYHQ/s600/cosplays_hhh_121629774_427439988240371_1488448647626962538_n.jpg"
    }, 
    {
	"teks": " *Oni-chan Ecchi* ",
	"image": "https://1.bp.blogspot.com/-ASEpnqTyjOs/X75dVpYTOrI/AAAAAAAAA04/4huLjBwgmzoG7DeZ-x9JPHXa-15af46zgCLcBGAsYHQ/s600/cosplays_hhh_121631539_701221730491438_6273022032537778588_n.jpg"
    },
    {
	"teks": " *Oni-chan Ecchi* ",
	"image": "https://1.bp.blogspot.com/-7W1D28Si1BE/X75dVt1v4OI/AAAAAAAAA08/y8JkYYQN0JcnHfBbpCg_bwbVhiDizP2cwCLcBGAsYHQ/s600/cosplays_hhh_121640356_389564838748015_2127062265562236572_n.jpg"
    }, 
    {
	"teks": " *Oni-chan Ecchi* ",
	"image": "https://1.bp.blogspot.com/-g58SYcmsQ_Q/X75dVgy3JBI/AAAAAAAAA1A/CoekcGtotP495wDj_DDSN_2OTLI7nwX1gCLcBGAsYHQ/s600/cosplays_hhh_121667545_265597764722548_7677729926153608128_n.jpg"
    }, 
    {
	"teks": " *Oni-chan Ecchi* ",
	"image": "https://1.bp.blogspot.com/-PG7ed6ujKT4/X75dWcnliSI/AAAAAAAAA1E/3EqtezEYmyAEnJCOKqUYHcRGWYKRObCYwCLcBGAsYHQ/s600/cosplays_hhh_121699477_351125926307020_8851358645898894160_n.jpg"
    }, 
    {
	"teks": " *Oni-chan Ecchi* ",
	"image": "https://1.bp.blogspot.com/--M_d5ra3AC0/X75dWqYL38I/AAAAAAAAA1M/fMXQOLcM-b4mbgPnpEeMmw0905QFn2QnwCLcBGAsYHQ/s600/cosplays_hhh_121706841_1043744319393826_6147689638734365652_n.jpg"
    }, 
    {
	"teks": " *Oni-chan Ecchi* ",
	"image": "https://1.bp.blogspot.com/-T3CnWLZ-hsc/X75dWnWPJ0I/AAAAAAAAA1I/2AiUmgMG1KsOiLGPOR_lvOiS0te91lcnwCLcBGAsYHQ/s600/cosplays_hhh_121721116_2826869927590146_8106120997558522747_n.jpg"
    }, 
    {
	"teks": " *Oni-chan Ecchi* ",
	"image": "https://1.bp.blogspot.com/-Ge7qk4hcvcQ/X75dXHQddlI/AAAAAAAAA1Q/WO-7VwrmMCI002gpRzs4NIDSbUjLqmtfACLcBGAsYHQ/s600/cosplays_hhh_121727522_203225781186672_5744455716248019612_n.jpg"
    }, 
    {
	"teks": " *Oni-chan Ecchi* ",
	"image": "https://1.bp.blogspot.com/-dWBclMap3lk/X75dXSkezHI/AAAAAAAAA1U/cf81gDraC4E7kBHVktYlxSRnouZ6y0LAQCLcBGAsYHQ/s600/cosplays_hhh_121963171_2050927355043326_3711226243431082868_n.jpg"
    }, 

    {
	"teks": " *Oni-chan Ecchi* ",
	"image": "https://1.bp.blogspot.com/-SG5ud0ERrsc/X75dXUTf5OI/AAAAAAAAA1Y/v_nyHTx6iUAXaz4ZbAjj9senqsGKqc_NwCLcBGAsYHQ/s600/cosplays_hhh_121971937_671817356792562_6191965822363610730_n.jpg"
    }, 
    {
	"teks": " *Oni-chan Ecchi* ",
	"image": "https://1.bp.blogspot.com/-WUIXiqQkr1Y/X75dXorGnqI/AAAAAAAAA1c/D-GjTzNdgzUFwq_2OQgPZY8XmEFJMBgqgCLcBGAsYHQ/s600/cosplays_hhh_122002254_688176345441290_7659910353037963091_n.jpg"
    }, 
    {
	"teks": " *Oni-chan Ecchi* ",
	"image": "https://1.bp.blogspot.com/-rMsxXoC5t6c/X75dYBOsiSI/AAAAAAAAA1k/vIqVb6f2z10StigsHfrh0GLOe8vXidi1QCLcBGAsYHQ/s600/cosplays_hhh_122044908_649789072393967_5288087919406344909_n.jpg"
    }, 
    {
	"teks": " *Oni-chan Ecchi* ",
	"image": "https://1.bp.blogspot.com/-YAnLx6WATYA/X75dX8JWvNI/AAAAAAAAA1g/oz74jOSaAwwsmikmKDISlda8Ow3EUMccQCLcBGAsYHQ/s600/cosplays_hhh_122106614_1531561510364020_5294643932527081243_n.jpg"
    }, 
    {
	"teks": " *Oni-chan Ecchi* ",
	"image": "https://1.bp.blogspot.com/-N2LSqEjOXVs/X75dYW2_ctI/AAAAAAAAA1o/P-S6dlZGFPYXnfmX7Cdh_yDTRM6QMNtMQCLcBGAsYHQ/s600/cosplays_hhh_122155478_3439126756170695_6417688722752102743_n.jpg"
    }, 
    {
	"teks": " *Oni-chan Ecchi* ",
	"image": "https://1.bp.blogspot.com/-KFgJ0iEJJwk/X75dYrkJ_ZI/AAAAAAAAA1s/szWJ3x5VTucITBwFmqK6cKlnRCTWFfgDgCLcBGAsYHQ/s600/cosplays_hhh_122156769_425572685095066_3987402688617244846_n.jpg"
    },
    {
	"teks": " *Oni-chan Ecchi* ",
	"image": "https://1.bp.blogspot.com/-_h-_YqlFOo4/X75dY0aVBHI/AAAAAAAAA10/iChTAU0LpncO2vX5xugx0EjwZj1_fwlHQCLcBGAsYHQ/s600/cosplays_hhh_122196983_803683083786303_6930630674632433277_n.jpg"
    }, 
    {
	"teks": " *Oni-chan Ecchi* ",
	"image": "https://1.bp.blogspot.com/-avRfRgZQzqQ/X75dYhYIY8I/AAAAAAAAA1w/e2SqzR4poT0kPPIa_wZwbRda-DtpgyYPgCLcBGAsYHQ/s600/cosplays_hhh_122195835_173989887642951_3849047796444223195_n.jpg"
    }, 
    {
	"teks": " *Oni-chan Ecchi* ",
	"image": "https://1.bp.blogspot.com/-3pVpA80RQJk/X75dZaK_jDI/AAAAAAAAA18/3-hHOo6XZQU7t4n6FmLcbNSR2y-Vdf3YACLcBGAsYHQ/s600/cosplays_hhh_122301369_421001592220146_2138649311213561470_n.jpg"
    }, 
    {
	"teks": " *Oni-chan Ecchi* ",
	"image": "https://1.bp.blogspot.com/-VWYfqKnJDSI/X75dZDUsrRI/AAAAAAAAA14/jOVWS11nyCMtqddeFb5yujhljHF9JyfWgCLcBGAsYHQ/s600/cosplays_hhh_122399132_354146332564939_1324329398113283408_n.jpg"
    }, 
    {
	"teks": " *Oni-chan Ecchi* ",
	"image": "https://1.bp.blogspot.com/-r2rgfzn-Z_o/X75dZo4TsdI/AAAAAAAAA2A/d-Au3zVK-ksDrm0JkeitAAy1YELCVVoEQCLcBGAsYHQ/s600/cosplays_hhh_122413880_396073254889855_7564073036200375603_n.jpg"
    }, 
    {
	"teks": " *Oni-chan Ecchi* ",
	"image": "https://1.bp.blogspot.com/-NzaclSRiJI8/X75dZxGJMSI/AAAAAAAAA2I/wr6CQwstgkcI1_xQBG_37THPYoXYxNP4QCLcBGAsYHQ/s600/cosplays_hhh_122419864_262401795211649_415257014092145854_n.jpg"
    }, 
    {
	"teks": " *Oni-chan Ecchi* ",
	"image": "https://1.bp.blogspot.com/-tAt1Mc8o8vA/X75dZ0cV2ZI/AAAAAAAAA2E/WMDgtw3qP8AVX8uVSglI4PY632jHtZc-QCLcBGAsYHQ/s600/cosplays_hhh_122450654_4141891689161347_2737807561389940209_n.jpg"
    }, 

    {
	"teks": " *Oni-chan Ecchi* ",
	"image": "https://1.bp.blogspot.com/-T2bSVj4sGVY/X75daSbu-tI/AAAAAAAAA2M/-UVSHp6ClVMPnVPlNnOO-xk5AMtiET1bACLcBGAsYHQ/s600/cosplays_hhh_122528960_394737571896794_8679790415536443661_n.jpg"
    }, 
    {
	"teks": " *Oni-chan Ecchi* ",
	"image": "https://1.bp.blogspot.com/-b_xeMR2Wz_4/X75dazJ29NI/AAAAAAAAA2U/8bvGcHnVjAEoZxbF36FWt32jN0WNRwxtQCLcBGAsYHQ/s600/cosplays_hhh_122575410_183227489962061_6208674694132274596_n.jpg"
    }, 
    {
	"teks": " *Oni-chan Ecchi* ",
	"image": "https://1.bp.blogspot.com/-V4j2wWZr_QQ/X75dakZheXI/AAAAAAAAA2Q/oudxRTD1yS4nP7IJxHiuPxyPYvHqCm-0ACLcBGAsYHQ/s600/cosplays_hhh_122586990_1222706101446729_5923160830867843599_n.jpg"
    }, 
    {
	"teks": " *Oni-chan Ecchi* ",
	"image": "https://1.bp.blogspot.com/-1deJptPdIEg/X75dbAVukhI/AAAAAAAAA2Y/spbELEDRd4YKy3-5yFQwi0TLkvlM9-ghwCLcBGAsYHQ/s600/cosplays_hhh_122601968_1290315224636382_431234878443015966_n.jpg"
    }, 
    {
	"teks": " *Oni-chan Ecchi* ",
	"image": "https://1.bp.blogspot.com/-nvre6lhcHLI/X75dbbK6KBI/AAAAAAAAA2c/KdU4CrFpzosYnH2fIQegitAD7lWdkOF2ACLcBGAsYHQ/s600/cosplays_hhh_122603784_170599724693022_6070576812463222149_n.jpg"
    }, 
    {
	"teks": " *Oni-chan Ecchi* ",
	"image": "https://1.bp.blogspot.com/-GXk2H6IDPqs/X75dbr9aybI/AAAAAAAAA2g/8NWt1ku-SpQnPosrCImkFhVkauw_jcNpQCLcBGAsYHQ/s600/cosplays_hhh_122678788_766084713979069_2703616455323645116_n.jpg"
    },
    {
	"teks": " *Oni-chan Ecchi* ",
	"image": "https://1.bp.blogspot.com/-PsTvhH0ebns/X75db2UMXNI/AAAAAAAAA2o/4M03XvKS7m4p_wSeuX6RMEcdItBs00TQACLcBGAsYHQ/s600/cosplays_hhh_122838138_1294376160902749_8099335563462044561_n.jpg"
    }, 
    {
	"teks": " *Oni-chan Ecchi* ",
	"image": "https://1.bp.blogspot.com/-w01P_5fKNVQ/X75dcd3EhAI/AAAAAAAAA2s/0Jk8wup8Ta8MTp_KaSuBaOQ6pxLcLl3WACLcBGAsYHQ/s600/cosplays_hhh_122850498_394503371918214_6934190194384766081_n.jpg"
    }, 
    {
	"teks": " *Oni-chan Ecchi* ",
	"image": "https://1.bp.blogspot.com/-qSkmcOA_MFM/X75dc-0G4PI/AAAAAAAAA2w/hYz3P1RkRt4bdEmM3Wgm9kr704mX_Pb-wCLcBGAsYHQ/s600/cosplays_hhh_123093788_112350680556357_1970495112833749347_n.jpg"
    }, 
    {
	"teks": " *Oni-chan Ecchi* ",
	"image": "https://1.bp.blogspot.com/-nsA9Z7UunQo/X75ddMRToPI/AAAAAAAAA24/6-H44FqOP54UcAtGXWsCSNNJdl_MMHwYACLcBGAsYHQ/s600/cosplays_hhh_123135335_1320821834921647_1921533953222613043_n.jpg"
    }, 
    {
	"teks": " *Oni-chan Ecchi* ",
	"image": "https://1.bp.blogspot.com/-cnVZ82-fDR4/X75ddLa6TfI/AAAAAAAAA20/ZCzaS0D9LTweyXM3weOemCfnCxnx7dahQCLcBGAsYHQ/s600/cosplays_hhh_123138458_121267826236532_3897396588107499403_n.jpg"
    }, 
    {
	"teks": " *Oni-chan Ecchi* ",
	"image": "https://1.bp.blogspot.com/-CPa6RMsYZI8/X75ddQSYEdI/AAAAAAAAA28/OrvIYmfrOYwqjSCajrD_b6IwRXWhvC75gCLcBGAsYHQ/s600/cosplays_hhh_123140680_214982679964136_6560116562848030626_n.jpg"
    }, 
    {
	"teks": " *Oni-chan Ecchi* ",
	"image": "https://1.bp.blogspot.com/-fo6NxW4K0JE/X75ddzq58ZI/AAAAAAAAA3A/Lf2YCVLK0j4naHwyOJ_WgRbAdsDZaqMKACLcBGAsYHQ/s600/cosplays_hhh_123148532_1086234978483939_2164266810427170240_n.jpg"
    }, 

    {
	"teks": " *Oni-chan Ecchi* ",
	"image": "https://1.bp.blogspot.com/--zAM4fggeKk/X75deIKbmmI/AAAAAAAAA3E/CxEOEaqHqioEFQwb2bCrmS39SfgTp3SmACLcBGAsYHQ/s600/cosplays_hhh_123213494_217851903090527_7969021552978002027_n.jpg"
    }, 
    {
	"teks": " *Oni-chan Ecchi* ",
	"image": "https://1.bp.blogspot.com/-y2o0YxqgdVw/X75deXT99GI/AAAAAAAAA3I/NtCu5ihpxiQJ15DV4ClcrZsNJP38PfG8QCLcBGAsYHQ/s600/cosplays_hhh_123283262_3582989835094787_8769286355016528239_n.jpg"
    }, 
    {
	"teks": " *Oni-chan Ecchi* ",
	"image": "https://1.bp.blogspot.com/-MchMBAiaMvQ/X75demip-0I/AAAAAAAAA3M/evClMrzdX901_cxXOzMVx4Pdap64H6MxQCLcBGAsYHQ/s600/cosplays_hhh_123331329_131668385368848_4504220380662640899_n.jpg"
    }, 
    {
	"teks": " *Oni-chan Ecchi* ",
	"image": "https://1.bp.blogspot.com/-UBHikwWpyh8/X75delo0ZXI/AAAAAAAAA3Q/2PW_dXUytjAk-jROJTI3twf4VtRF4S-0wCLcBGAsYHQ/s600/cosplays_hhh_123384971_2684069221909825_6816487624045306484_n.jpg"
    }, 
    {
	"teks": " *Oni-chan Ecchi* ",
	"image": "https://1.bp.blogspot.com/-yGnPXGRNv_I/X75dfVjMLPI/AAAAAAAAA3c/jmVNcizebIkmfJOZVVN0vncoKqcDfYaYwCLcBGAsYHQ/s600/cosplays_hhh_123570155_682394796011259_7132367682720399896_n.jpg"
    }, 
    {
	"teks": " *Oni-chan Ecchi* ",
	"image": "https://1.bp.blogspot.com/-eAMXHCodP_A/X75dfUJdCnI/AAAAAAAAA3Y/XjJqrY84eCAHkexGZiCN3P73pnAEs6YPwCLcBGAsYHQ/s600/cosplays_hhh_123605824_358091252083922_6999945689947125406_n.jpg"
    },
    {
	"teks": " *Oni-chan Ecchi* ",
	"image": "https://1.bp.blogspot.com/-YdwKRExhV5o/X75dfidCXEI/AAAAAAAAA3g/N1GMj5wlNvYE1GaVvbot0T741dxpwgGgQCLcBGAsYHQ/s600/cosplays_hhh_123621173_818500742249294_564016318376770319_n.jpg"
    }, 
    {
	"teks": " *Oni-chan Ecchi* ",
	"image": "https://1.bp.blogspot.com/-P5onFVpKUCY/X75df5N13hI/AAAAAAAAA3k/uQ67-DdkaPQQqVWUbjfusyYBEuy2q6srgCLcBGAsYHQ/s600/cosplays_hhh_123627490_1837315803083620_6396935094942811367_n.jpg"
    }, 
    {
	"teks": " *Oni-chan Ecchi* ",
	"image": "https://1.bp.blogspot.com/-Xm_krjAs9lg/X75dfywRL1I/AAAAAAAAA3o/k_vaTJYPbQI7yrrduEAhGImy79xjXc4uwCLcBGAsYHQ/s600/cosplays_hhh_123692258_368895331215992_3329270883485553231_n.jpg"
    }, 
    {
	"teks": " *Oni-chan Ecchi* ",
	"image": "https://1.bp.blogspot.com/-NoUuhWONAHs/X75dgSfSaCI/AAAAAAAAA3s/K_s-CrOdVH88ddSpsmfRGwZD8AP-17i5QCLcBGAsYHQ/s600/cosplays_hhh_123804522_127068095586373_1169951456104453794_n.jpg"
    }, 
    {
	"teks": " *Oni-chan Ecchi* ",
	"image": "https://1.bp.blogspot.com/-cAcM4cvu-fs/X75dglO-4iI/AAAAAAAAA30/bCU8URC5BZkdqwePIdW0U2KHaUQ_U4negCLcBGAsYHQ/s600/cosplays_hhh_123813948_181379390246314_5283630869483745236_n.jpg"
    }, 
    {
	"teks": " *Oni-chan Ecchi* ",
	"image": "https://1.bp.blogspot.com/-mgw3ww3Ao9Y/X75dhECYMrI/AAAAAAAAA34/IzkcOmJNR7QLgvVE_LNmG4xQ_WocIAM5wCLcBGAsYHQ/s600/cosplays_hhh_124411801_397997988052019_4900075815938755993_n.jpg"
    }, 
    {
	"teks": " *Oni-chan Ecchi* ",
	"image": "https://1.bp.blogspot.com/-MBFv7NLVgCo/X75dhcZOZxI/AAAAAAAAA4A/ijJR7aR2RMAjmMzFME1IxIXBtWm9k7JvwCLcBGAsYHQ/s600/cosplays_hhh_124597629_378615953263272_4022835342948383960_n.jpg"
    }, 

    {
	"teks": " *Oni-chan Ecchi* ",
	"image": "https://1.bp.blogspot.com/-1nHY9A4GXZk/X75dhV3z_VI/AAAAAAAAA38/EFgYN-af23Q4AhTGQMNp-wXoKLvntCUBwCLcBGAsYHQ/s600/cosplays_hhh_124610844_151773346651046_898797792483363405_n.jpg"
    }, 
    {
	"teks": " *Oni-chan Ecchi* ",
	"image": "https://1.bp.blogspot.com/-usg3Aig8UU4/X75dhp3_pAI/AAAAAAAAA4E/ZQSzG7sgae0gNhx0qWjQHiTSiynxiGKbQCLcBGAsYHQ/s600/cosplays_hhh_124665670_3758068574203449_3078823950367033992_n.jpg"
    }, 
    {
	"teks": " *Oni-chan Ecchi* ",
	"image": "https://1.bp.blogspot.com/-W0hOA1krlCA/X75dh9yaXKI/AAAAAAAAA4I/n21mgkcW740txgQJFMAZC06II5_gplX7wCLcBGAsYHQ/s600/cosplays_hhh_124745564_718098588815103_773128716309240382_n.jpg"
    }, 
    {
	"teks": " *Oni-chan Ecchi* ",
	"image": "https://1.bp.blogspot.com/-gpHlViC3K2o/X75diLQLWoI/AAAAAAAAA4M/AooGsbzzTpcSolOM8SW0C8_4gLXlgShzgCLcBGAsYHQ/s600/cosplays_hhh_124856205_688655188748633_7602692296099979738_n.jpg"
    }, 
    {
	"teks": " *Oni-chan Ecchi* ",
	"image": "https://1.bp.blogspot.com/-GYZVFuEFQIU/X75dicRqyhI/AAAAAAAAA4Q/kWl6XDeSkHs9XbKAyh5BK-dYmXinqip1wCLcBGAsYHQ/s600/cosplays_hhh_124980089_120814573151445_1286443777750147846_n.jpg"
    }, 
    {
	"teks": " *Oni-chan Ecchi* ",
	"image": "https://1.bp.blogspot.com/-e51pHd9aERo/X75dnmKGvvI/AAAAAAAAA5k/TinV7Nw1srQF4uch7B2F02x6ob9i1y0LQCLcBGAsYHQ/s600/hhh.cosplays_115822059_151227516625963_7106371736244850631_n.jpg"
    },
    {
	"teks": " *Oni-chan Ecchi* ",
	"image": "https://1.bp.blogspot.com/-Qrk8san-ap8/X75dn5QfXLI/AAAAAAAAA5o/fZ7JIPsSBlkbxMk1jy9MdBu9AmdiQHFhgCLcBGAsYHQ/s600/hhh.cosplays_116234606_290009012333913_6088007877071518025_n.jpg"
    }, 
    {
	"teks": " *Oni-chan Ecchi* ",
	"image": "https://1.bp.blogspot.com/-wPSRZaaoqQ4/X75doKivFeI/AAAAAAAAA5s/8hN_zYHlDuslnTy_sfdcemRWpsHlyqWngCLcBGAsYHQ/s600/hhh.cosplays_116360264_957356344778785_2909643416545754574_n.jpg"
    }, 
    {
	"teks": " *Oni-chan Ecchi* ",
	"image": "https://1.bp.blogspot.com/-eg1Y-wSaDPI/X75doVotqJI/AAAAAAAAA5w/2U5oapoYAo8sY_-kJFkZKLXhM5IFyT2gQCLcBGAsYHQ/s600/hhh.cosplays_116794102_1701398756666325_6201626509063443675_n.jpg"
    }, 
    {
	"teks": " *Oni-chan Ecchi* ",
	"image": "https://1.bp.blogspot.com/-tOqe203pHrY/X75doTaruPI/AAAAAAAAA50/SgL8dRyi8ucLf_mQYjdmVxyS_UBkp31IgCLcBGAsYHQ/s600/hhh.cosplays_116871822_296442174904456_3370609968190100422_n.jpg"
    }, 
    {
	"teks": " *Oni-chan Ecchi* ",
	"image": "https://1.bp.blogspot.com/-np12hMr0h78/X75doppiIrI/AAAAAAAAA54/ExaVdPe3dWEjNaDoSmXxLpZHtdDheS7CgCLcBGAsYHQ/s600/hhh.cosplays_116907942_123186089179344_3951466879902545657_n.jpg"
    }, 
    {
	"teks": " *Oni-chan Ecchi* ",
	"image": "https://1.bp.blogspot.com/-Ny1Us4JJew4/X75dpUaOx4I/AAAAAAAAA58/BY5upEvxnFkiZVva_Tq9v3WqUTswETiwQCLcBGAsYHQ/s600/hhh.cosplays_117081874_779856429487340_1443534598936785497_n.jpg"
    }, 
    {
	"teks": " *Oni-chan Ecchi* ",
	"image": "https://1.bp.blogspot.com/-Ny1Us4JJew4/X75dpUaOx4I/AAAAAAAAA58/BY5upEvxnFkiZVva_Tq9v3WqUTswETiwQCLcBGAsYHQ/s600/hhh.cosplays_117081874_779856429487340_1443534598936785497_n.jpg"
    }, 

    {
	"teks": " *Oni-chan Ecchi* ",
	"image": "https://1.bp.blogspot.com/-uEoGaz7QAgs/X75dpAJkbLI/AAAAAAAAA6E/Dv3f77A8bu4KNdZFM5SX-7mqxzQspk68QCLcBGAsYHQ/s600/hhh.cosplays_117173709_623314885228054_6897667003117711145_n.jpg"
    }, 
    {
	"teks": " *Oni-chan Ecchi* ",
	"image": "https://1.bp.blogspot.com/-FfwA7YXkZxA/X75dp0oIy3I/AAAAAAAAA6I/GV692OcGu-YSYXlejJ_FMgz6xIztRoF5ACLcBGAsYHQ/s600/hhh.cosplays_117226439_182375179952227_4116587265469597118_n.jpg"
    }, 
    {
	"teks": " *Oni-chan Ecchi* ",
	"image": "https://1.bp.blogspot.com/-qGbMv0V_av4/X75dqWguBUI/AAAAAAAAA6Q/JmjDEOPjWjYjViJOn5uLLQgI9rGXlq5-gCLcBGAsYHQ/s600/hhh.cosplays_117234457_897311444090746_8214018488587510470_n.jpg"
    }, 
    {
	"teks": " *Oni-chan Ecchi* ",
	"image": "https://1.bp.blogspot.com/-OMCDuQS-pUE/X75dqgGkG2I/AAAAAAAAA6U/IQTarIDmH3szwgla6A311QTw-iUVWBjngCLcBGAsYHQ/s600/hhh.cosplays_117273932_1857651147735460_8344459698096702870_n.jpg"
    }, 
    {
	"teks": " *Oni-chan Ecchi* ",
	"image": "https://1.bp.blogspot.com/-0r_efmGdJGk/X75dqH10CuI/AAAAAAAAA6M/dGyHVnCXO1IH3oGqBPFptry6VXCG2AJZwCLcBGAsYHQ/s600/hhh.cosplays_117272166_315332206254530_6317369581170171322_n.jpg"
    }, 
    {
	"teks": " *Oni-chan Ecchi* ",
	"image": "https://1.bp.blogspot.com/-gCalpZQTVKM/X75dqnILaoI/AAAAAAAAA6Y/0IKhACxKrR4cumGrw5MvCogvK3lD5jMOQCLcBGAsYHQ/s600/hhh.cosplays_117327445_577638619586031_1664894308489033849_n.jpg"
    },
    {
	"teks": " *Oni-chan Ecchi* ",
	"image": "https://1.bp.blogspot.com/-3xR5Msrvv_c/X75dqwmcbVI/AAAAAAAAA6c/rFVpbxycLqwvVB2g6pJ_SW9Z6cwE8muQwCLcBGAsYHQ/s600/hhh.cosplays_117336163_970435680085064_8128810874021817473_n.jpg"
    }, 
    {
	"teks": " *Oni-chan Ecchi* ",
	"image": "https://1.bp.blogspot.com/-ARUaZ83l39c/X75drbAnNEI/AAAAAAAAA6g/OjsMxLO6bpAY7QzoWULo68JswEpMBsIhQCLcBGAsYHQ/s600/hhh.cosplays_117402370_630274237885156_4765869651000976009_n.jpg"
    }, 
    {
	"teks": " *Oni-chan Ecchi* ",
	"image": "https://1.bp.blogspot.com/-HMNkKEzjM54/X75drnqi49I/AAAAAAAAA6k/Scfq8GTFEZUIu0T07OjENGFkUotkYyGRACLcBGAsYHQ/s600/hhh.cosplays_117402908_183143126520375_457182422777757580_n.jpg"
    }, 
    {
	"teks": " *Oni-chan Ecchi* ",
	"image": "https://1.bp.blogspot.com/-jl-CTrK5Bjg/X75dr-2e59I/AAAAAAAAA6o/lxEIqMMz-PEuY8kIb8cnLQVDHI90Clh3gCLcBGAsYHQ/s600/hhh.cosplays_117415636_3157968247572613_539263910115454238_n.jpg"
    }, 
    {
	"teks": " *Oni-chan Ecchi* ",
	"image": "https://1.bp.blogspot.com/-Dox94qZIjDM/X75dr6XHhCI/AAAAAAAAA6s/lBHovKqXZhAwgv7cz7NgSjiezGRdzwtEgCLcBGAsYHQ/s600/hhh.cosplays_117467223_221430625892259_4552365397501154922_n.jpg"
    }, 
    {
	"teks": " *Oni-chan Ecchi* ",
	"image": "https://1.bp.blogspot.com/-AAWKJB_xgXI/X75dsMTZaWI/AAAAAAAAA6w/B0crIelFtd4IqLBcV8TXSSn_iVJcTn3eACLcBGAsYHQ/s600/hhh.cosplays_117650334_944074312778880_4877811862704553031_n.jpg"
    }, 
    {
	"teks": " *Oni-chan Ecchi* ",
	"image": "https://1.bp.blogspot.com/-agKqIAL77kA/X75dsaf5OuI/AAAAAAAAA60/_NokXhkQgAsai4KGAr4sStGc9trWwv0jACLcBGAsYHQ/s600/hhh.cosplays_117691787_1244920275855816_2192035160346084833_n.jpg"
    }, 

    {
	"teks": " *Oni-chan Ecchi* ",
	"image": "https://1.bp.blogspot.com/-ahqVAz3wGu0/X75dss4F-WI/AAAAAAAAA64/xH4StyDC3tcG0ti1_006GCG5SqasOansACLcBGAsYHQ/s600/hhh.cosplays_117695459_330556381651633_5619222863070764894_n.jpg"
    }, 
    {
	"teks": " *Oni-chan Ecchi* ",
	"image": "https://1.bp.blogspot.com/-t0w88YQoF8U/X75ds7b9PNI/AAAAAAAAA68/sGjupdG9aQUtllAMsbt6ApsgFeZE0kADACLcBGAsYHQ/s600/hhh.cosplays_117758862_3650950708266295_670079407582782068_n.jpg"
    }, 
    {
	"teks": " *Oni-chan Ecchi* ",
	"image": "https://1.bp.blogspot.com/-EPCvp6E65gY/X75dtPeYJ_I/AAAAAAAAA7E/JSKZ9m1Cmc0vkM4Bzjt1jDQvIdddSC4FQCLcBGAsYHQ/s600/hhh.cosplays_117795823_356516088683372_1062280058932504608_n.jpg"
    }, 
    {
	"teks": " *Oni-chan Ecchi* ",
	"image": "https://1.bp.blogspot.com/-uiEXOCoIYi8/X75dtQrDUpI/AAAAAAAAA7I/kjHPDFjTQq4Hb0SUEK_xMRKRhCXDAgapQCLcBGAsYHQ/s600/hhh.cosplays_117821206_355456582122045_4628734229628437507_n.jpg"
    }, 
    {
	"teks": " *Oni-chan Ecchi* ",
	"image": "https://1.bp.blogspot.com/-4R-6poayIMM/X75dth4KGGI/AAAAAAAAA7M/CectUAQO1BgRkQ1w4KZqT_HQ1KdwisWIgCLcBGAsYHQ/s600/hhh.cosplays_117895455_2011862339120715_8112937905665253307_n.jpg"
    }, 
    {
	"teks": " *Oni-chan Ecchi* ",
	"image": "https://1.bp.blogspot.com/-b0_9z6H_27U/X75dt48IikI/AAAAAAAAA7Q/Cgmx7nnr26wzLlfZgSkNbFUtozJOc7tfgCLcBGAsYHQ/s600/hhh.cosplays_117972718_379551513031846_4583811852775419939_n.jpg"
    },
    {
	"teks": " *Oni-chan Ecchi* ",
	"image": "https://1.bp.blogspot.com/-R2dCBIImzZw/X75duIefJ2I/AAAAAAAAA7U/NOaof_OOXuoPRM0EI0SYHFSogEZj_dygwCLcBGAsYHQ/s600/hhh.cosplays_117996790_314304009815732_2673625657976447955_n.jpg"
    }, 
    {
	"teks": " *Oni-chan Ecchi* ",
	"image": "https://1.bp.blogspot.com/-7JqE1_VH17c/X75due5zrSI/AAAAAAAAA7Y/T29nynUlYYQy_n7fK1VfgSX5jaKJZx_bACLcBGAsYHQ/s600/hhh.cosplays_118071126_2713365978876605_5130876854624850840_n.jpg"
    }, 
    {
	"teks": " *Oni-chan Ecchi* ",
	"image": "https://1.bp.blogspot.com/-BLLU56gbYEA/X75duvvYHvI/AAAAAAAAA7c/Ya0ZN0QA3y4FhaBQVBVaw2RVZOBwtAXTQCLcBGAsYHQ/s600/hhh.cosplays_118170653_3714606298554353_2113379413672785213_n.jpg"
    }, 
    {
	"teks": " *Oni-chan Ecchi* ",
	"image": "https://1.bp.blogspot.com/-W0nWGpBJFNA/X75du_31PoI/AAAAAAAAA7g/kFVOZ5YnR5gB81lE4sYxYtQgtpuqF-kjQCLcBGAsYHQ/s600/hhh.cosplays_118190472_127770805349244_7228989280080234810_n.jpg"
    }, 
    {
	"teks": " *Oni-chan Ecchi* ",
	"image": "https://1.bp.blogspot.com/-fqKoc8g6Evk/X75dvFBi4mI/AAAAAAAAA7k/o_DVYvDt4S0HRyTP4VJhor0O-QXwczNqwCLcBGAsYHQ/s600/hhh.cosplays_118200591_191005912396900_493124076620579562_n.jpg"
    }, 
    {
	"teks": " *Oni-chan Ecchi* ",
	"image": "https://1.bp.blogspot.com/-qRwvirf6XIE/X75dvL4xx_I/AAAAAAAAA7o/rWd-RqMo2isUutJqoV_lhS7ram1RrBShQCLcBGAsYHQ/s600/hhh.cosplays_118395424_200499181424073_7460426193804221600_n.jpg"
    }, 
    {
	"teks": " *Oni-chan Ecchi* ",
	"image": "https://1.bp.blogspot.com/-k49zHwKMeew/X75dvrSi1eI/AAAAAAAAA7w/pFo6WwiGUsAaCidHC6vz8HPpVEDVzEI7gCLcBGAsYHQ/s600/hhh.cosplays_118404729_649376359019447_6021019552877398731_n.jpg"
    }, 

    {
	"teks": " *Oni-chan Ecchi* ",
	"image": "https://1.bp.blogspot.com/-WrxQsqaPTk4/X75dvlI6xVI/AAAAAAAAA70/F7bF6LHY7B0uJHKCtQw_hTZocVGNFpFfQCLcBGAsYHQ/s600/hhh.cosplays_118489875_817604288980092_1504878202237481420_n.jpg"
    }, 
    {
	"teks": " *Oni-chan Ecchi* ",
	"image": "https://1.bp.blogspot.com/-1TmEqW0Yddg/X75dvu70AiI/AAAAAAAAA7s/VVFOePB18eMSr-WEi77g_e2Hfo7oXGfpwCLcBGAsYHQ/s600/hhh.cosplays_118502866_741435893096703_7130111905254468866_n.jpg"
    }, 
    {
	"teks": " *Oni-chan Ecchi* ",
	"image": "https://1.bp.blogspot.com/-OLC7f7Ez2KU/X75dwbNjP8I/AAAAAAAAA78/yrHHmIU1mW06P-I6dZWysAe_iSeHEj4NACLcBGAsYHQ/s600/hhh.cosplays_118505937_2778188625745823_814366826453673564_n.jpg"
    }, 
    {
	"teks": " *Oni-chan Ecchi* ",
	"image": "https://1.bp.blogspot.com/-YBhF0iIfyWA/X75dwSY8NOI/AAAAAAAAA74/nHxOFl9BqmI3DefWfteFox4X2I2pyH7fgCLcBGAsYHQ/s600/hhh.cosplays_118540127_143090704147257_7227712245268361573_n.jpg"
    }, 
    {
	"teks": " *Oni-chan Ecchi* ",
	"image": "https://1.bp.blogspot.com/-ZfXllxKuNwE/X75dwmjHwcI/AAAAAAAAA8A/Z9-2-lC7EAw4nIQ5q7-heb8eImCRfwRSQCLcBGAsYHQ/s600/hhh.cosplays_118565222_431447141158954_8586435021990801489_n.jpg"
    }, 
    {
	"teks": " *Oni-chan Ecchi* ",
	"image": "https://1.bp.blogspot.com/-Q6wVsLil1C8/X75dw4LRtEI/AAAAAAAAA8E/NhCWnwKB6jQIIRmX08tzwToGs-sgvivgwCLcBGAsYHQ/s600/hhh.cosplays_118578553_637015310259078_6790969461976100265_n.jpg"
    },
    {
	"teks": " *Oni-chan Ecchi* ",
	"image": "https://1.bp.blogspot.com/-IVVAokAotdU/X75dxKQHLgI/AAAAAAAAA8I/uaAacmQFiEYWC33ieSGheAL-tfu6UMCxwCLcBGAsYHQ/s600/hhh.cosplays_118644694_358634725151794_222744216134331357_n.jpg"
    }, 
    {
	"teks": " *Oni-chan Ecchi* ",
	"image": "https://1.bp.blogspot.com/-OfbCed5O8wk/X75dxjZfMAI/AAAAAAAAA8Q/6gsG5pt3hSoVfvuFwW5t8LkaVsLdgNgtgCLcBGAsYHQ/s600/hhh.cosplays_118693993_344620476718323_5264665824054238880_n.jpg"
    }, 
    {
	"teks": " *Oni-chan Ecchi* ",
	"image": "https://1.bp.blogspot.com/-TDsJYt-xxQg/X75dx2verxI/AAAAAAAAA8U/bAxI70AS0ksaIBqTsJLVCvJzGJToEklFACLcBGAsYHQ/s600/hhh.cosplays_118728323_1434683656920664_7296137256831585601_n.jpg"
    }, 
    {
	"teks": " *Oni-chan Ecchi* ",
	"image": "https://1.bp.blogspot.com/-73CulTmH1TE/X75dyOJDGtI/AAAAAAAAA8Y/CKY3W9KxoJMKCgCZFBaOr7Vo3wy9KAo-gCLcBGAsYHQ/s600/hhh.cosplays_118768505_110715580765286_3352030446463225353_n.jpg"
    }, 
    {
	"teks": " *Oni-chan Ecchi* ",
	"image": "https://1.bp.blogspot.com/-H6PqMcd3CM8/X75dyS0hf3I/AAAAAAAAA8c/0tMjx7tWbB4-KUc7CUpU0VQkP_3opy_ggCLcBGAsYHQ/s600/hhh.cosplays_118823158_2790984164561721_3913905858822324246_n.jpg"
    }, 
    {
	"teks": " *Oni-chan Ecchi* ",
	"image": "https://1.bp.blogspot.com/-WMlYOkuArKc/X75dyQk1NnI/AAAAAAAAA8g/NO_J9rkD1q4slb_La_t3dTnDMa8v34qvgCLcBGAsYHQ/s600/hhh.cosplays_118831659_3353082354776448_5918156694555629486_n.jpg"
    }, 
    {
	"teks": " *Oni-chan Ecchi* ",
	"image": "https://1.bp.blogspot.com/-2sigvJn3k84/X75dy5_fqiI/AAAAAAAAA8k/NwJX00UzMk46LYMs_cAEMdlXK_evj-TeQCLcBGAsYHQ/s600/hhh.cosplays_118851225_618751158810735_8741298649181922317_n.jpg"
    }, 

    {
	"teks": " *Oni-chan Ecchi* ",
	"image": "https://1.bp.blogspot.com/-2dKxWCqyrAI/X75dzV0fU0I/AAAAAAAAA8s/FT3Kzm6KiDord3B6fPhZwHxdhoO4D8ToQCLcBGAsYHQ/s600/hhh.cosplays_118953589_769681893606055_1988098898597732889_n.jpg"
    }, 
    {
	"teks": " *Oni-chan Ecchi* ",
	"image": "https://1.bp.blogspot.com/-96xxFF3oUHg/X75dzCy8GhI/AAAAAAAAA8o/xdBoBosTFOUh-Vj4W3IDn-hZnivMKtCrACLcBGAsYHQ/s600/hhh.cosplays_118972346_2793939084214118_4825548496883186663_n.jpg"
    }, 
    {
	"teks": " *Oni-chan Ecchi* ",
	"image": "https://1.bp.blogspot.com/-GvHgtbo3tSA/X75dzhsueYI/AAAAAAAAA8w/DHAmCKAdx9Eg5gnii-b0mbrbX0JJAA-QQCLcBGAsYHQ/s600/hhh.cosplays_118975880_685622125496232_2299948237532355323_n.jpg"
    }, 
    {
	"teks": " *Oni-chan Ecchi* ",
	"image": "https://1.bp.blogspot.com/-iF13cvtU3Oo/X75dz8b1lpI/AAAAAAAAA84/Q3pl_iQ_AsMTVv6JGIxUn_pCBid0WoQdgCLcBGAsYHQ/s600/hhh.cosplays_119039385_188317232691222_763202310344741235_n.jpg"
    }, 
    {
	"teks": " *Oni-chan Ecchi* ",
	"image": "https://1.bp.blogspot.com/-6X9_8Ydzuqs/X75dz_TCiOI/AAAAAAAAA80/PIc-WSNcZb0H0Wgh-SbbweDxVuXdn3B-ACLcBGAsYHQ/s600/hhh.cosplays_119177943_3640551012642155_1632718782573643937_n.jpg"
    }, 
    {
	"teks": " *Oni-chan Ecchi* ",
	"image": "https://1.bp.blogspot.com/-a6mwerHqyHU/X75d1HM2vAI/AAAAAAAAA9A/TW-iivNgtfQ8MDa9QhANL9VmjibdmEDXgCLcBGAsYHQ/s600/hhh.cosplays_119339539_786644145436681_2493837320159418447_n.jpg"
    },
    {
	"teks": " *Oni-chan Ecchi* ",
	"image": "https://1.bp.blogspot.com/-hCJRH_VHKJc/X75d1guPyBI/AAAAAAAAA9I/JK7AhMwntBUtgoZVtJgA4tPUx_BAEltLACLcBGAsYHQ/s600/hhh.cosplays_119432385_651918679073999_5192322391706608836_n.jpg"
    }, 
    {
	"teks": " *Oni-chan Ecchi* ",
	"image": "https://1.bp.blogspot.com/-hCJRH_VHKJc/X75d1guPyBI/AAAAAAAAA9I/JK7AhMwntBUtgoZVtJgA4tPUx_BAEltLACLcBGAsYHQ/s600/hhh.cosplays_119432385_651918679073999_5192322391706608836_n.jpg"
    }, 
    {
	"teks": " *Oni-chan Ecchi* ",
	"image": "https://1.bp.blogspot.com/-8qCV4N2W_Pk/X75d1-Tlz4I/AAAAAAAAA9M/pXv9-rGzoVEwX1dmCakMd7PTQIPqz0zxgCLcBGAsYHQ/s600/hhh.cosplays_119599486_362997348170914_2465969267967627697_n.jpg"
    }, 
    {
	"teks": " *Oni-chan Ecchi* ",
	"image": "https://1.bp.blogspot.com/-HBwRcIFnR-8/X75d2GiaqlI/AAAAAAAAA9Q/YjvZa8j4_vkv64-ATMtywljI9WkuPksEgCLcBGAsYHQ/s600/hhh.cosplays_119615522_3086609068133533_5162228588247261661_n.jpg"
    }, 
    {
	"teks": " *Oni-chan Ecchi* ",
	"image": "https://1.bp.blogspot.com/-HBwRcIFnR-8/X75d2GiaqlI/AAAAAAAAA9Q/YjvZa8j4_vkv64-ATMtywljI9WkuPksEgCLcBGAsYHQ/s600/hhh.cosplays_119615522_3086609068133533_5162228588247261661_n.jpg"
    }, 
    {
	"teks": " *Oni-chan Ecchi* ",
	"image": "https://1.bp.blogspot.com/-JKROpi-ixmQ/X75d2YYlSeI/AAAAAAAAA9Y/oR59cMroxZoSZmUE44x1r1gqkQTVNRDRwCLcBGAsYHQ/s600/hhh.cosplays_119649426_321541732456653_4138486760399009046_n.jpg"
    }, 
    {
	"teks": " *Oni-chan Ecchi* ",
	"image": "https://1.bp.blogspot.com/-IzM8M5ufh8U/X75d3E8ZenI/AAAAAAAAA9c/cnvY-BE5NjU3UbGcDOrGN4B7mSAAzgrxACLcBGAsYHQ/s600/hhh.cosplays_119708748_245216073514853_8013736786932189092_n.jpg"
    }, 

    {
	"teks": " *Oni-chan Ecchi* ",
	"image": "https://1.bp.blogspot.com/-EmanifE3p9c/X75d3X4SD0I/AAAAAAAAA9g/DsM-zwIqZpMKK11KvS2YpnLpvZR_C_PVACLcBGAsYHQ/s600/hhh.cosplays_119796659_2744946792440767_4340717722747946830_n.jpg"
    }, 
    {
	"teks": " *Oni-chan Ecchi* ",
	"image": "https://1.bp.blogspot.com/-EmanifE3p9c/X75d3X4SD0I/AAAAAAAAA9g/DsM-zwIqZpMKK11KvS2YpnLpvZR_C_PVACLcBGAsYHQ/s600/hhh.cosplays_119796659_2744946792440767_4340717722747946830_n.jpg"
    }, 
    {
	"teks": " *Oni-chan Ecchi* ",
	"image": "https://1.bp.blogspot.com/-N8x-W7Y8fHs/X75d3xrvhkI/AAAAAAAAA9s/H5TO1YJxDGUZEk0EnZzIZ3VqqwZpGXv5wCLcBGAsYHQ/s600/hhh.cosplays_119891015_367538207750891_6930995529055033691_n.jpg"
    }, 
    {
	"teks": " *Oni-chan Ecchi* ",
	"image": "https://1.bp.blogspot.com/-PBlHgrPdrU8/X75d3w8oA2I/AAAAAAAAA9o/XzkHrKMVH3MMBxtrPoN-EjEwTeeXpNy0QCLcBGAsYHQ/s600/hhh.cosplays_119893837_910835349443725_8843172535593506797_n.jpg"
    }, 
    {
	"teks": " *Oni-chan Ecchi* ",
	"image": "https://1.bp.blogspot.com/-OKwktZSGSqY/X75d3_CZg9I/AAAAAAAAA9w/O6eb92IaslcleirSDm821Tt8qkRPMdkYwCLcBGAsYHQ/s600/hhh.cosplays_120000267_656686625263057_2921421305828615222_n.jpg"
    }, 
    {
	"teks": " *Oni-chan Ecchi* ",
	"image": "https://1.bp.blogspot.com/-tQ5woqXnWLE/X75d4e0XWUI/AAAAAAAAA90/MsgELmPXdU4zTZJ9ByFJlk1FYBNdUCrTQCLcBGAsYHQ/s600/hhh.cosplays_120028776_3221129284670859_3149235213950894304_n.jpg"
    },
    {
	"teks": " *Oni-chan Ecchi* ",
	"image": "https://1.bp.blogspot.com/-OgdmnJmd3fw/X75d40nC41I/AAAAAAAAA98/KH97yQ1sb10XTGlVSei4ExiCOfNQHTTlACLcBGAsYHQ/s600/hhh.cosplays_120042769_143354767468063_8004209783476575874_n.jpg"
    }, 
    {
	"teks": " *Oni-chan Ecchi* ",
	"image": "https://1.bp.blogspot.com/-ugy--AzmLwU/X75d4zwG8UI/AAAAAAAAA94/iCpnFgpwotY8rJzdG1Nz50LWm3ny3ewzgCLcBGAsYHQ/s600/hhh.cosplays_120052305_182921790008018_2779708477261801465_n.jpg"
    }, 
    {
	"teks": " *Oni-chan Ecchi* ",
	"image": "https://1.bp.blogspot.com/-AjP5DkMX3UI/X75d5BFBtQI/AAAAAAAAA-A/A0qHIVtF-DA6o01PHexiAjHVjTye2HoYQCLcBGAsYHQ/s600/hhh.cosplays_120097905_3248269195242976_4489807103031777472_n.jpg"
    }, 
    {
	"teks": " *Oni-chan Ecchi* ",
	"image": "https://1.bp.blogspot.com/-uWOKH3fDuHI/X75d5mg3ZSI/AAAAAAAAA-E/0cv_pRcpkBgEarf26Xhl9_LhgrrDCYnrwCLcBGAsYHQ/s600/hhh.cosplays_120144035_1212173779160759_3327420947113263663_n.jpg"
    }, 
    {
	"teks": " *Oni-chan Ecchi* ",
	"image": "https://1.bp.blogspot.com/-A7kdjbxrLgs/X75d5iiMXBI/AAAAAAAAA-I/XHva1K7jWpQeGoSUKqPNfVv_4XI4XGGjgCLcBGAsYHQ/s600/hhh.cosplays_120200836_807569166663991_6765575067173429890_n.jpg"
    }, 
    {
	"teks": " *Oni-chan Ecchi* ",
	"image": "https://1.bp.blogspot.com/-_L2wtcTS-LI/X75d5xf7RFI/AAAAAAAAA-M/3hrHBGYDqsMG_gDBAQSqayZpv48Gl2NSACLcBGAsYHQ/s600/hhh.cosplays_120204512_176017920671946_8420447244468639531_n.jpg"
    }, 
    {
	"teks": " *Oni-chan Ecchi* ",
	"image": "https://1.bp.blogspot.com/-sceyWRZrBNU/X75d6J8lhQI/AAAAAAAAA-U/5jnz7YGROdUbrPMe0PbpsO5IUdVEuuQmACLcBGAsYHQ/s600/hhh.cosplays_120310673_1195703707468624_2822633088873213602_n.jpg"
    }, 

    {
	"teks": " *Oni-chan Ecchi* ",
	"image": "https://1.bp.blogspot.com/-7xTYMbtQrDA/X75d6P1obHI/AAAAAAAAA-Q/QOMTM1jTAuwrYr335269zQMJSAiEU_xpQCLcBGAsYHQ/s600/hhh.cosplays_120371486_343499646868866_8763186755137002558_n.jpg"
    }, 
    {
	"teks": " *Oni-chan Ecchi* ",
	"image": "https://1.bp.blogspot.com/-sNdyqoxo85A/X75d6ahNRwI/AAAAAAAAA-Y/zM78gY2n2n8E0JeMQ1Hq0flIIzgGPrdlQCLcBGAsYHQ/s600/hhh.cosplays_120392747_147633323696023_6025043203893239158_n.jpg"
    }, 
    {
	"teks": " *Oni-chan Ecchi* ",
	"image": "https://1.bp.blogspot.com/-wTgAzLxNsYw/X75d656hlLI/AAAAAAAAA-c/Sbga2PoVlL8A1g0mr9lG2nR0a4JZOin8gCLcBGAsYHQ/s600/hhh.cosplays_120402143_698490404089997_6844094250029657616_n.jpg"
    }, 
    {
	"teks": " *Oni-chan Ecchi* ",
	"image": "https://1.bp.blogspot.com/-YccAP_lp_os/X75d7OomrGI/AAAAAAAAA-g/UjMNWYv_37gmxCNSsztPOkuR1_ao5JapQCLcBGAsYHQ/s600/hhh.cosplays_120417164_186049069696993_5620190885995255571_n.jpg"
    }, 
    {
	"teks": " *Oni-chan Ecchi* ",
	"image": "https://1.bp.blogspot.com/-V8njHjUDKO0/X75d7EBktqI/AAAAAAAAA-k/inirjzdPC3cbxY5myWeok78pHRmYOJHZACLcBGAsYHQ/s600/hhh.cosplays_120772607_108306567636399_7234944657223065234_n.jpg"
    }, 
    {
	"teks": " *Oni-chan Ecchi* ",
	"image": "https://1.bp.blogspot.com/-LlFMFjeKt7o/X75d7ZFH5CI/AAAAAAAAA-o/pKgQ7Dq-eHEr57gG9soTAMGmco_kFSmuACLcBGAsYHQ/s600/hhh.cosplays_120975269_700071997595258_5149234124753504346_n.jpg"
    },
    {
	"teks": " *Oni-chan Ecchi* ",
	"image": "https://1.bp.blogspot.com/-z9_bkAqwFJ4/X75d7thPzwI/AAAAAAAAA-s/U8ONQKZ6uswsxR6AoAm_JWY7lt5ilVZuQCLcBGAsYHQ/s600/hhh.cosplays_120994382_941846359640098_296359198993230249_n.jpg"
    }, 
    {
	"teks": " *Oni-chan Ecchi* ",
	"image": "https://1.bp.blogspot.com/-mxWremH7stc/X75d72KTvWI/AAAAAAAAA-w/Myqu1MDmCjYAaKX5PbJE9y2wi0nxu23jACLcBGAsYHQ/s600/hhh.cosplays_120998234_342162683781104_142164017088921808_n.jpg"
    }, 
    {
	"teks": " *Oni-chan Ecchi* ",
	"image": "https://1.bp.blogspot.com/-4ImgY3_zueA/X75d8HASHCI/AAAAAAAAA-0/S2Y4nFzZ35Qr0LMw3KfcAr36XXMSzERlQCLcBGAsYHQ/s600/hhh.cosplays_121000593_780489559185199_7022652741507601207_n.jpg"
    }, 
    {
	"teks": " *Oni-chan Ecchi* ",
	"image": "https://1.bp.blogspot.com/-A9NIHqwWigE/X75d8IMtl9I/AAAAAAAAA-4/6crLtI0C9bgBlvG92UljSJAIIWlAm0OCQCLcBGAsYHQ/s600/hhh.cosplays_121196529_814278076051180_2458864841939170006_n.jpg"
    }, 
    {
	"teks": " *Oni-chan Ecchi* ",
	"image": "https://1.bp.blogspot.com/-A9NIHqwWigE/X75d8IMtl9I/AAAAAAAAA-4/6crLtI0C9bgBlvG92UljSJAIIWlAm0OCQCLcBGAsYHQ/s600/hhh.cosplays_121196529_814278076051180_2458864841939170006_n.jpg"
    }, 
    {
	"teks": " *Oni-chan Ecchi* ",
	"image": "https://1.bp.blogspot.com/--CMaeOc2f6A/X75d8vvnL8I/AAAAAAAAA_A/NXor9CLmu1IyRfPMMUj8rreU32aOGrgiACLcBGAsYHQ/s600/hhh.cosplays_121386636_742417609822456_4551362275526887939_n.jpg"
    }, 
    {
	"teks": " *Oni-chan Ecchi* ",
	"image": "https://1.bp.blogspot.com/-2QntFYjg5D4/X75d8-FcRlI/AAAAAAAAA_E/Ybg4VRVj6ScWBbiJ9EIlyTVE6MZEl4tmwCLcBGAsYHQ/s600/hhh.cosplays_121611795_161520275678701_5673055529326645690_n.jpg"
    }, 

    {
	"teks": " *Oni-chan Ecchi* ",
	"image": "https://1.bp.blogspot.com/-feHGiO4q3Cs/X75d9KDGVXI/AAAAAAAAA_I/cf2kKySnBj0tW77LMQ98FOMszi4ySlRJwCLcBGAsYHQ/s600/hhh.cosplays_121657613_1750702981777506_4662385243988187527_n.jpg"
    }, 
    {
	"teks": " *Oni-chan Ecchi* ",
	"image": "https://1.bp.blogspot.com/-2TDhEnTBBB4/X75d9cHCQCI/AAAAAAAAA_M/RN6o3nw3OCscPiAqu5xKaIrIGuKrx__QwCLcBGAsYHQ/s600/hhh.cosplays_121664552_675880143049065_3115564976262972599_n.jpg"
    }, 
    {
	"teks": " *Oni-chan Ecchi* ",
	"image": "https://1.bp.blogspot.com/-Y1EMocg2FW4/X75d9l1sdjI/AAAAAAAAA_Q/x9wqjmGQm94R55sYw5756crxzsPjRO60gCLcBGAsYHQ/s600/hhh.cosplays_121763039_353340019319114_8789450225046957814_n.jpg"
    }, 
    {
	"teks": " *Oni-chan Ecchi* ",
	"image": "https://1.bp.blogspot.com/-l2bUU7Gk4EM/X75d9hmJoOI/AAAAAAAAA_U/dQLbDRMX0X0XxKR_DHHcqnBK74S2vFE3ACLcBGAsYHQ/s600/hhh.cosplays_121807684_793395264772014_6836492619614275838_n.jpg"
    }, 
    {
	"teks": " *Oni-chan Ecchi* ",
	"image": "https://1.bp.blogspot.com/-0m_yDqfevuo/X75d9wjQ7nI/AAAAAAAAA_Y/zIw2_Z92M1c1wi0XUGAHhx-zT2m6ustWQCLcBGAsYHQ/s600/hhh.cosplays_121813361_620312801979602_2470582680237197408_n.jpg"
    }, 
    {
	"teks": " *Oni-chan Ecchi* ",
	"image": "https://1.bp.blogspot.com/-p-AhYw40wsM/X75d-f2tswI/AAAAAAAAA_g/LvrNgEVuk_gAic3UF7UlVbyo3wta9nauwCLcBGAsYHQ/s600/hhh.cosplays_122152451_3567289486662750_4540847484757891550_n.jpg"
    },
    {
	"teks": " *Oni-chan Ecchi* ",
	"image": "https://1.bp.blogspot.com/-IdfsM0__fvI/X75d-JYY3AI/AAAAAAAAA_c/r1HvGhxwm9oahmO0UQB-2uynqxJ9Ll-WwCLcBGAsYHQ/s600/hhh.cosplays_122427481_226981432094103_4913190619936271445_n.jpg"
    }, 
    {
	"teks": " *Oni-chan Ecchi* ",
	"image": "https://1.bp.blogspot.com/-IdfsM0__fvI/X75d-JYY3AI/AAAAAAAAA_c/r1HvGhxwm9oahmO0UQB-2uynqxJ9Ll-WwCLcBGAsYHQ/s600/hhh.cosplays_122427481_226981432094103_4913190619936271445_n.jpg"
    }, 
    {
	"teks": " *Oni-chan Ecchi* ",
	"image": "https://1.bp.blogspot.com/-2SPOEydiERQ/X75d-7cekBI/AAAAAAAAA_o/J-ajdHlnGKsPTHFB5BlsI3_Df9xVrQuOQCLcBGAsYHQ/s600/hhh.cosplays_123128662_1007121029800268_7762198016877728649_n.jpg"
    }, 
    {
	"teks": " *Oni-chan Ecchi* ",
	"image": "https://1.bp.blogspot.com/-vh93y5SSHfg/X75d-_aryjI/AAAAAAAAA_s/C-1VuOVnf-oSr0HYOqMaLoyLmhWTZi3RQCLcBGAsYHQ/s600/hhh.cosplays_123516126_657563524906263_3851090210491432544_n.jpg"
    }, 
    {
	"teks": " *Oni-chan Ecchi* ",
	"image": "https://1.bp.blogspot.com/-hgmwNejx_f8/X75d_Khx6tI/AAAAAAAAA_w/pSL_FFoSdpEz7E0L1OgvwScLJJNhaNeywCLcBGAsYHQ/s600/hhh.cosplays_123621173_696600317644160_6106197958939860110_n.jpg"
    }, 
    {
	"teks": " *Oni-chan Ecchi* ",
	"image": "https://1.bp.blogspot.com/-d7z66yPphB4/X75d_ahuLfI/AAAAAAAAA_4/vGvZvFB4aVIuYU66BtejIs8BCgAj6WB5gCLcBGAsYHQ/s600/hhh.cosplays_123925993_1097188940736161_8427142476948694764_n.jpg"
    }, 
    {
	"teks": " *Oni-chan Ecchi* ",
	"image": "https://1.bp.blogspot.com/-469zwXCM96Q/X75d_eDUmBI/AAAAAAAAA_0/id3Gbq3dQAQ9P9Qm7ir9VhnAkIt0wSIHACLcBGAsYHQ/s600/hhh.cosplays_124080987_3041489152619847_1233215737788930690_n.jpg"
    }, 

    {
	"teks": " *Oni-chan Ecchi* ",
	"image": "https://1.bp.blogspot.com/-hXA4M5HiRZ8/X75d_7qevgI/AAAAAAAAA_8/Qku8E26DhjMg91pjpCOwDFRoRT37jmHpgCLcBGAsYHQ/s600/sexy.cosplay.14_55876729_435521803900219_7071119945634354231_n.jpg"
    }, 
    {
	"teks": " *Oni-chan Ecchi* ",
	"image": "https://1.bp.blogspot.com/-568NrjkAU6o/X75eAD42i8I/AAAAAAAABAA/0SITUY3ujQM3cfdnYNQ30Cx3LUUmMdAIQCLcBGAsYHQ/s600/sexy.cosplay.14_56262992_2480105025341082_6272175539388915409_n.jpg"
    }, 
    {
	"teks": " *Oni-chan Ecchi* ",
	"image": "https://1.bp.blogspot.com/-PUOJwlFOib8/X75eAAOfBqI/AAAAAAAABAE/DoeBkY4kHsoohIEH_5EaOBrg78RUktboACLcBGAsYHQ/s600/sexy.cosplay.14_56940433_999479516917293_603289293093451381_n.jpg"
    }, 
    {
	"teks": " *Oni-chan Ecchi* ",
	"image": "https://1.bp.blogspot.com/-sDJtG_yi9ng/X75eARGjXGI/AAAAAAAABAI/nQXinro9eFwfwyJfbJdqizl8wpRCG93WwCLcBGAsYHQ/s600/sexy.cosplay.14_57213992_1043858869158559_7287042064081156349_n.jpg"
    }, 
    {
	"teks": " *Oni-chan Ecchi* ",
	"image": "https://1.bp.blogspot.com/-YeWzzyF1MUo/X75eA1tLWfI/AAAAAAAABAM/BjpGxao_Ajk7Wa4dG6eQwIRHmDaFS1LZwCLcBGAsYHQ/s600/sexy.cosplay.14_57341024_571940133327984_7175196509643234868_n.jpg"
    },
    {
	"teks": " *Gacha* ",
	"image": "https://1.bp.blogspot.com/-glKU37nUME0/X6_LdDvefJI/AAAAAAAARP8/HxAaLRGSjIAd27d6H4-_I7EO2smYP3bWQCNcBGAsYHQ/s400/cai_loli_60143507_2022652147857234_8693039621912516870_n.jpg"
    },
    {
	"teks": " *Gacha* ",
	"image": "https://1.bp.blogspot.com/-41jBva3Wl6U/X6_LdgTb5JI/AAAAAAAARQI/QUigKXFTu3Ed5zZkXi-aJhteJWugeUM7QCNcBGAsYHQ/s400/cai_loli_60930424_447235135843507_7468380165907221662_n.jpg"
    },
    {
	"teks": " *Gacha* ",
	"image": "https://1.bp.blogspot.com/-8bKkrjnw32A/X6_Ld46uCqI/AAAAAAAARQU/TXu_7mtOrXseU8ieCT3iHNn_qE4LZB8xQCNcBGAsYHQ/s400/cai_loli_61624615_918326428517266_8618869253057597819_n.jpg"
    },
    {
	"teks": " *Gacha* ",
	"image": "https://1.bp.blogspot.com/-H25o4fSPLqA/X6_LeSCwLSI/AAAAAAAARQg/GkAsN-7ocOU3a4hEVzmmglV0vzgudQzpwCNcBGAsYHQ/s400/cai_loli_62068918_557172258140603_6902698356488838865_n.jpg"
    },
    {
	"teks": " *Gacha* ",
	"image": "https://1.bp.blogspot.com/-svEvXwmByWM/X6_LfcHtKHI/AAAAAAAARQc/DwcGao6z_Iw1HEZB6n6WyGdpsdGrbh1cQCNcBGAsYHQ/s400/cai_loli_62238206_1335993939882169_1624446070870144910_n.jpg"
    },
    {
	"teks": " *Gacha* ",
	"image": "https://1.bp.blogspot.com/-svEvXwmByWM/X6_LfcHtKHI/AAAAAAAARQc/DwcGao6z_Iw1HEZB6n6WyGdpsdGrbh1cQCNcBGAsYHQ/s400/cai_loli_62238206_1335993939882169_1624446070870144910_n.jpg"
    },
    {
	"teks": " *Gacha* ",
	"image": "https://1.bp.blogspot.com/-B4Atr9eBaYA/X6_LgDdGWyI/AAAAAAAARQo/knsfO4WnNmAtcpDxHWSkvCt6DZbVu7SqACNcBGAsYHQ/s400/cai_loli_62575881_359469634706256_755767172185583226_n.jpg"
    },
    {
	"teks": " *Gacha* ",
	"image": "https://1.bp.blogspot.com/-AQuvmKgQWZs/X6_LgmoLOdI/AAAAAAAARQs/oI9nt8f6ZbYO9evIs-ThhX6A3eMhABL0gCNcBGAsYHQ/s400/cai_loli_65016725_1100432263478271_7823617560551997277_n.jpg"
    },
    {
	"teks": " *Gacha* ",
	"image": "https://1.bp.blogspot.com/-U8v3A-bqIW8/X6_LhjatJvI/AAAAAAAARQ8/daq1uQZtZH8QHJnbsa3TtPHFavIEqIfKQCNcBGAsYHQ/s400/cai_loli_67685230_927819954227970_3996044655878816149_n.jpg"
    },
    {
	"teks": " *Gacha* ",
	"image": "https://1.bp.blogspot.com/-QsExiD1oEp8/X6_LiJF_SJI/AAAAAAAARRA/aF24scrAFIUcmVL1u1-bAUwIvQasYaNGACNcBGAsYHQ/s400/cai_loli_68912559_185653759110041_3769003332887448054_n.jpg"
    },
    {
	"teks": " *Gacha* ",
	"image": "https://1.bp.blogspot.com/-dRv5XqFTPRI/X6_LjVC_r8I/AAAAAAAARRI/AXqE1uaBb840zD4AIE8S3yFtpNOT8uzHQCNcBGAsYHQ/s400/cai_loli_82168648_276167453637093_3129137608737698240_n.jpg"
    },
    {
	"teks": " *Gacha* ",
	"image": "https://1.bp.blogspot.com/-MxX8tix-KZ0/X6_LjWPl3xI/AAAAAAAARRM/qKRaZnVJpgAxGOqjx0Gv0oFUOQDHK-IGgCNcBGAsYHQ/s400/cai_loli_91280439_225287601910489_6961340031601962631_n.jpg"
    },
    {
	"teks": " *Gacha* ",
	"image": "https://1.bp.blogspot.com/-MxX8tix-KZ0/X6_LjWPl3xI/AAAAAAAARRM/qKRaZnVJpgAxGOqjx0Gv0oFUOQDHK-IGgCNcBGAsYHQ/s400/cai_loli_91280439_225287601910489_6961340031601962631_n.jpg"
    },
    {
	"teks": " *Gacha* ",
	"image": "https://1.bp.blogspot.com/-zTn2SQMAc2w/X6_LjuhExdI/AAAAAAAARRQ/OtdliNWYe5oIgapUQQy7pbVukRlF3HtNACNcBGAsYHQ/s400/cai_loli_96147876_277628823276068_2629847959834820551_n.jpg"
    },
    {
	"teks": " *Gacha* ",
	"image": "https://1.bp.blogspot.com/-UKd9QYy1qT4/X6_LkKK4UkI/AAAAAAAARRU/OxdGMqDps1wTGIeHugeRMRK2EvlWTbNUwCNcBGAsYHQ/s400/cai_loli_97909007_3857919310948138_7016462225105965986_n.jpg"
    },
    {
	"teks": " *Gacha* ",
	"image": "https://1.bp.blogspot.com/-rqSiVSwooMQ/X6_LVA0cdpI/AAAAAAAAROA/ZUV5KoX4JtYWiGvlaLFI6-ulKhcjXY8RgCNcBGAsYHQ/s400/cai_loli_101013132_698602757541066_4600667615413918662_n.jpg"
    },
    {
	"teks": " *Gacha* ",
	"image": "https://1.bp.blogspot.com/-Sk0vpAdaUzs/X6_LVAgGmJI/AAAAAAAARN8/ylowm4L4vEItDHimi5xOQnYAdF5_ShblACNcBGAsYHQ/s400/cai_loli_101050680_203944343912774_558143732004758459_n.jpg"
    },
    {
	"teks": " *Gacha* ",
	"image": "https://1.bp.blogspot.com/-gtR4AVzcSpI/X6_LWJJdm2I/AAAAAAAAROM/z2IuRsVuIb8QACHSYL1K1P3ApkmUCguygCNcBGAsYHQ/s400/cai_loli_101673104_295916361579923_848519697412776712_n.jpg"
    },
    {
	"teks": " *Gacha* ",
	"image": "https://1.bp.blogspot.com/-YULJgnLhy-g/X6_LWe-f0xI/AAAAAAAAROQ/WFl4B5IWVeUTDG6rIPaUVOIQ7XOt98-0ACNcBGAsYHQ/s400/cai_loli_101697019_316750962664443_3077694472358676757_n.jpg"
    },
    {
	"teks": " *Gacha* ",
	"image": "https://1.bp.blogspot.com/-zW-OglXUEHk/X6_LW4Cos2I/AAAAAAAAROU/tlVdfEZM7PMnFuP4JwddZ41Z6nXWKn0dwCNcBGAsYHQ/s400/cai_loli_104339572_1945392788928508_5078045837212585960_n.jpg"
    },
    {
	"teks": " *Gacha* ",
	"image": "https://1.bp.blogspot.com/-0jOiG66XcDI/X6_LXIFfwrI/AAAAAAAAROc/gmh6a70pOOk-zdwV25QTEnYpi6Tseq9sACNcBGAsYHQ/s400/cai_loli_104475407_949967258766062_5866979020930643362_n.jpg"
    },
    {
	"teks": " *Gacha* ",
	"image": "https://1.bp.blogspot.com/-qO9oPaDMUtE/X6_LYNoUHsI/AAAAAAAAROw/aicrrgyuSIcUdXUf9j1AF_gYvR9-iH7YQCNcBGAsYHQ/s400/cai_loli_106008101_313827759639423_9129992199069392452_n.jpg"
    },
    {
	"teks": " *Gacha* ",
	"image": "https://1.bp.blogspot.com/-wosIUD-kgFI/X6_LYuM-VOI/AAAAAAAARPA/xMt51Zgn-Yk5aeV1jSQWMcJg5LwXwFSTgCNcBGAsYHQ/s400/cai_loli_106562123_1153190951731582_5442189231387886455_n.jpg"
    },
    {
	"teks": " *Gacha* ",
	"image": "https://1.bp.blogspot.com/-jxYWEb6bxYY/X6_LaLOHfII/AAAAAAAARPk/OcsW2y5KniAd_Ns3cc_28H-qykgYY4yXACNcBGAsYHQ/s400/cai_loli_110031143_169213157985539_2052984758144716056_n.jpg"
    },
    {
	"teks": " *Gacha* ",
	"image": "https://1.bp.blogspot.com/-0HVeVz61MBM/X6_LbmYRulI/AAAAAAAARP0/pX4SkbVQuH4x_o47L0pA7xuxOaR6tKydQCNcBGAsYHQ/s400/cai_loli_116428359_221464502410316_3676122461717253835_n.jpg"
    }

]