[

	{
	"Judul": " Oni-chan Hentai,",
	"pdf": "https://www.docdroid.net/file/download/tgvLMB4/kanojo-no-okashita-ayamachi-1-pdf.pdf"
    
	},
	{
	"Judul": " Oni-chan Hentai,",
	"pdf": "https://www.docdroid.net/file/download/Q44p2iL/midara-na-elf-san-wa-orc-kun-ga-osuki-pdf.pdf"
    
	},
	{
	"Judul": " Oni-chan Hentai,",
	"pdf": "https://www.docdroid.net/file/download/JgGWkDF/shingeki-no-kyojin-snk-pdf.pdf"
    
	},
	{
	"Judul": " Oni-chan Hentai,",
	"pdf": "https://www.docdroid.net/file/download/5zDNEWM/322921-pdf.pdf"
    
	},
	{
	"Judul": " Oni-chan Hentai,",
	"pdf": "https://www.docdroid.net/file/download/IYrzDPd/65433-awx-app-pdf.pdf"
    
	},
	{
	"Judul": " Oni-chan Hentai,",
	"pdf": "https://www.docdroid.net/file/download/my4pA7c/193984-awx-app-pdf.pdf"
    
	},
	{
	"Judul": " Oni-chan Hentai,",
	"pdf": "https://www.docdroid.net/file/download/kBf8v1H/135193-awx-app-pdf.pdf"
    
	},
	{
	"Judul": " Oni-chan Hentai,",
	"pdf": "https://www.docdroid.net/file/download/YlZm18V/153856-awx-app-pdf.pdf"
    
	},
	{
	"Judul": " Oni-chan Hentai,",
	"pdf": "https://www.docdroid.net/file/download/fc1vv7f/288879-pdf.pdf"
    
	},
	{
	"Judul": " Oni-chan Hentai,",
	"pdf": "https://www.docdroid.net/file/download/BGjxWjy/292034-pdf.pdf"
    
	},
	{
	"Judul": "Onichan Pedo",
	"pdf": "https://www.docdroid.net/file/download/hdZdoCd/192143-awx-app-pdf.pdf"
    
	},
	{
	"Judul": "Onichan Pedo",
	"pdf": "https://www.docdroid.net/file/download/fc1vv7f/288879-pdf.pdf"
    
	},
	{
	"Judul": "Onichan Pedo",
	"pdf": "https://www.docdroid.net/file/download/OjvOhX6/gpapa-to-musume-just-for-today-pdf.pdf"
    
	}
	


]