[
	{
	"teks": "Mikoto Mikoshiba",
	"image": "http://storage.jurnalotaku.com/wp-content/uploads/2017/08/joi-mikorin-featured-700x394.jpg"
    },
    {
	"teks": "(Top Leader) Mikazuki Augus",
	"image": "http://storage.jurnalotaku.com/wp-content/uploads/2018/12/joi-mikazuki-top5-700x394.jpg"
    },
    {
	"teks": "Azusagawa Sakuta",
	"image": "http://storage.jurnalotaku.com/wp-content/uploads/2018/12/Sakuta_Azusagawa_Anime_-_Screenshot_1-700x394.png"
    },
    {
	"teks": "Hideyuki Maya",
	"image": "http://storage.jurnalotaku.com/wp-content/uploads/2017/01/joi-maya-featured-700x458.jpg"
    },
    {
	"teks": "Slaine Troyard",
	"image": "http://jurnalotaku.com/wp-content/uploads/2019/10/husbufri-slaine-joi2-1-e1570784701581-700x421.jpg?x21210"
    },
    {
	"teks": "Willem Kmetsch",
	"image": "http://storage.jurnalotaku.com/wp-content/uploads/2019/02/Films-TV-15_02_2019-21_33_37-700x394.png"
    },
    {
	"teks": "Slaine Troyard",
	"image": "http://jurnalotaku.com/wp-content/uploads/2019/10/husbufri-slaine-joi2-1-e1570784701581-700x421.jpg?x21210"
    },
    {
	"teks": "(Top Leader) Mikazuki Augus",
	"image": "http://storage.jurnalotaku.com/wp-content/uploads/2018/12/joi-mikazuki-top5-700x394.jpg"
    },
    {
	"teks": "Hideyuki Maya",
	"image": "http://storage.jurnalotaku.com/wp-content/uploads/2017/01/joi-maya-featured-700x458.jpg"
    },
    {
	"teks": "Willem Kmetsch",
	"image": "http://storage.jurnalotaku.com/wp-content/uploads/2019/02/Films-TV-15_02_2019-21_33_37-700x394.png"
    },
    {
	"teks": "Kinoshita Hideyoshi",
	"image": "http://jurnalotaku.com/wp-content/uploads/2020/04/hideyoshi_cover-700x409.jpg?x21210"
    },
	
	{
	"teks": " *Oni-chan Onegaishimasu* ",
	"image": "https://images.alphacoders.com/522/thumb-350-522623.jpg"
    },
    {
	"teks": " *Oni-chan Onegaishimasu* ",
	"image": "https://images6.alphacoders.com/917/thumb-350-917626.jpg"
    },
    {
	"teks": " *Oni-chan Onegaishimasu* ",
	"image": "https://images5.alphacoders.com/587/thumb-350-587597.jpg"
    },
    {
	"teks": " *Oni-chan Onegaishimasu* ",
	"image": "https://images6.alphacoders.com/606/thumb-350-606663.jpg"
    },
    {
	"teks": " *Oni-chan Onegaishimasu* ",
	"image": "https://images6.alphacoders.com/546/thumb-350-546783.jpg"
    },
    {
	"teks": " *Oni-chan Onegaishimasu* ",
	"image": "https://images2.alphacoders.com/533/thumb-350-533773.jpg"
    },
    {
	"teks": " *Oni-chan Onegaishimasu* ",
	"image": "https://images2.alphacoders.com/656/thumb-350-656325.jpg"
    },
    {
	"teks": " *Oni-chan Onegaishimasu* ",
	"image": "https://images3.alphacoders.com/648/thumb-350-648618.jpg"
    },
    {
	"teks": " *Oni-chan Onegaishimasu* ",
	"image": "https://images5.alphacoders.com/737/thumb-350-737782.jpg"
    },
    {
	"teks": " *Oni-chan Onegaishimasu* ",
	"image": "https://images6.alphacoders.com/944/thumb-350-944104.png"
    },
    {
	"teks": " *Oni-chan Onegaishimasu* ",
	"image": "https://images4.alphacoders.com/737/thumb-350-737347.png"
    },
    {
	"teks": " *Oni-chan Onegaishimasu* ",
	"image": "https://images6.alphacoders.com/632/thumb-350-632048.jpg"
    },
    {
	"teks": " *Oni-chan Onegaishimasu* ",
	"image": "https://images8.alphacoders.com/923/thumb-350-923414.jpg"
    },
    {
	"teks": " *Oni-chan Onegaishimasu* ",
	"image": "https://images6.alphacoders.com/942/thumb-350-942765.jpg"
    },
    {
	"teks": " *Oni-chan Onegaishimasu* ",
	"image": "https://images6.alphacoders.com/679/thumb-350-679727.png"
    },
    {
	"teks": " *Oni-chan Onegaishimasu* ",
	"image": "https://images4.alphacoders.com/944/thumb-350-944935.png"
    },
    {
	"teks": " *Oni-chan Onegaishimasu* ",
	"image": "https://images5.alphacoders.com/727/thumb-350-727053.png"
    },
    {
	"teks": " *Oni-chan Onegaishimasu* ",
	"image": "https://images6.alphacoders.com/317/thumb-350-317930.jpg"
    },
    {
	"teks": " *Oni-chan Onegaishimasu* ",
	"image": "https://images7.alphacoders.com/596/thumb-350-596841.jpg"
    },
    {
	"teks": " *Oni-chan Onegaishimasu* ",
	"image": "https://images6.alphacoders.com/736/thumb-350-736227.png"
    },
    {
	"teks": " *Oni-chan Onegaishimasu* ",
	"image": "https://images4.alphacoders.com/815/thumb-350-815287.png"
    },
    {
	"teks": " *Oni-chan Onegaishimasu* ",
	"image": "https://images4.alphacoders.com/632/thumb-350-632074.jpg"
    },
    {
	"teks": " *Oni-chan Onegaishimasu* ",
	"image": "https://images7.alphacoders.com/932/thumb-350-932487.jpg"
    },
    {
	"teks": " *Oni-chan Onegaishimasu* ",
	"image": "https://images6.alphacoders.com/697/thumb-350-697221.png"
    },
    {
	"teks": " *Oni-chan Onegaishimasu* ",
	"image": "https://images5.alphacoders.com/926/thumb-350-926227.jpg"
    },
    {
	"teks": " *Oni-chan Onegaishimasu* ",
	"image": "https://images.alphacoders.com/596/thumb-350-596689.jpg"
    },
    {
	"teks": " *Oni-chan Onegaishimasu* ",
	"image": "https://images8.alphacoders.com/785/thumb-350-785486.jpg"
    },
    {
	"teks": " *Oni-chan Onegaishimasu* ",
	"image": "https://images4.alphacoders.com/239/thumb-350-239568.png"
    },
    {
	"teks": " *Oni-chan Onegaishimasu* ",
	"image": "https://images3.alphacoders.com/932/thumb-350-932606.jpg"
    },
    {
	"teks": " *Oni-chan Onegaishimasu* ",
	"image": "https://images4.alphacoders.com/214/thumb-350-214396.jpg"
    },
    {
	"teks": " *Oni-chan Onegaishimasu* ",
	"image": "https://images5.alphacoders.com/712/thumb-350-712779.jpg"
    },
    {
	"teks": " *Oni-chan Onegaishimasu* ",
	"image": "https://images.alphacoders.com/696/thumb-350-696793.png"
    },
    {
	"teks": " *Oni-chan Onegaishimasu* ",
	"image": "https://images4.alphacoders.com/231/thumb-350-231254.jpg"
    },
    {
	"teks": " *Oni-chan Onegaishimasu* ",
	"image": "https://images4.alphacoders.com/398/thumb-350-39868.png"
    },
    {
	"teks": " *Oni-chan Onegaishimasu* ",
	"image": "https://images4.alphacoders.com/781/thumb-350-781766.jpg"
    },
    {
	"teks": " *Oni-chan Onegaishimasu* ",
	"image": "https://images6.alphacoders.com/932/thumb-350-932500.jpg"
    },
    {
	"teks": " *Oni-chan Onegaishimasu* ",
	"image": "https://images2.alphacoders.com/607/thumb-350-607073.png"
    },
    {
	"teks": " *Oni-chan Onegaishimasu* ",
	"image": "https://images8.alphacoders.com/737/thumb-350-737151.png"
    },
    {
	"teks": " *Oni-chan Onegaishimasu* ",
	"image": "https://images2.alphacoders.com/726/thumb-350-726652.png"
    },
    {
	"teks": " *Oni-chan Onegaishimasu* ",
	"image": "https://images2.alphacoders.com/577/thumb-350-57710.jpg"
    },
    {
	"teks": " *Oni-chan Onegaishimasu* ",
	"image": "https://images7.alphacoders.com/693/thumb-350-693980.jpg"
    },
    {
	"teks": " *Oni-chan Onegaishimasu* ",
	"image": "https://images4.alphacoders.com/710/thumb-350-710689.jpg"
    },
    {
	"teks": " *Oni-chan Onegaishimasu* ",
	"image": "https://images7.alphacoders.com/797/thumb-350-797489.jpg"
    },
    {
	"teks": " *Oni-chan Onegaishimasu* ",
	"image": "https://images.alphacoders.com/596/thumb-350-596530.jpg"
    },
    {
	"teks": " *Oni-chan Onegaishimasu* ",
	"image": "https://images8.alphacoders.com/111/thumb-350-1112998.jpg"
    },
    {
	"teks": " *Oni-chan Onegaishimasu* ",
	"image": "https://images5.alphacoders.com/111/thumb-350-1113000.jpg"
    },
    {
	"teks": " *Oni-chan Onegaishimasu* ",
	"image": "https://images3.alphacoders.com/710/thumb-350-710679.jpg"
    },
    {
	"teks": " *Oni-chan Onegaishimasu* ",
	"image": "https://images3.alphacoders.com/849/thumb-350-849781.jpg"
    },
    {
	"teks": " *Oni-chan Onegaishimasu* ",
	"image": "https://images5.alphacoders.com/705/thumb-350-705601.png"
    },
    {
	"teks": " *Oni-chan Onegaishimasu* ",
	"image": "https://images6.alphacoders.com/598/thumb-350-598794.jpg"
    },
    {
	"teks": " *Oni-chan Onegaishimasu* ",
	"image": "https://images7.alphacoders.com/871/thumb-350-871169.png"
    },
    {
	"teks": " *Oni-chan Onegaishimasu* ",
	"image": "https://images7.alphacoders.com/565/thumb-350-565455.jpg"
    },
    {
	"teks": " *Oni-chan Onegaishimasu* ",
	"image": "https://images.alphacoders.com/932/thumb-350-932496.jpg"
    },
    {
	"teks": " *Oni-chan Onegaishimasu* ",
	"image": "https://images7.alphacoders.com/737/thumb-350-737298.png"
    },
    {
	"teks": " *Oni-chan Onegaishimasu* ",
	"image": "https://images6.alphacoders.com/849/thumb-350-849794.jpg"
    },
    {
	"teks": " *Oni-chan Onegaishimasu* ",
	"image": "https://images.alphacoders.com/818/thumb-350-818943.png"
    },
    {
	"teks": " *Oni-chan Onegaishimasu* ",
	"image": "https://images2.alphacoders.com/930/thumb-350-930839.png"
    },
    {
	"teks": " *Oni-chan Onegaishimasu* ",
	"image": "https://images2.alphacoders.com/118/thumb-350-118722.png"
    },
    {
	"teks": " *Oni-chan Onegaishimasu* ",
	"image": "https://images3.alphacoders.com/744/thumb-350-744194.png"
    },
    {
	"teks": " *Oni-chan Onegaishimasu* ",
	"image": "https://images.alphacoders.com/681/thumb-350-681719.png"
    },
    {
	"teks": " *Oni-chan Onegaishimasu* ",
	"image": "https://images2.alphacoders.com/632/thumb-350-632821.jpg"
    },
    {
	"teks": " *Oni-chan Onegaishimasu* ",
	"image": "https://images7.alphacoders.com/319/thumb-350-319830.jpg"
    },
    {
	"teks": " *Oni-chan Onegaishimasu* ",
	"image": "https://images2.alphacoders.com/929/thumb-350-929890.jpg"
    },
    {
	"teks": " *Oni-chan Onegaishimasu* ",
	"image": "https://images2.alphacoders.com/946/thumb-350-946908.jpg"
    },
    {
	"teks": " *Oni-chan Onegaishimasu* ",
	"image": "https://images4.alphacoders.com/596/thumb-350-596398.jpg"
    },
    {
	"teks": " *Oni-chan Onegaishimasu* ",
	"image": "https://images2.alphacoders.com/100/thumb-350-1007550.jpg"
    },
    {
	"teks": " *Oni-chan Onegaishimasu* ",
	"image": "https://images6.alphacoders.com/596/thumb-350-596711.jpg"
    },
    {
	"teks": " *Oni-chan Onegaishimasu* ",
	"image": "https://images5.alphacoders.com/551/thumb-350-551122.jpg"
    },
    {
	"teks": " *Oni-chan Onegaishimasu* ",
	"image": "https://images4.alphacoders.com/962/thumb-350-962961.jpg"
    },
    {
	"teks": " *Oni-chan Onegaishimasu* ",
	"image": "https://images3.alphacoders.com/653/thumb-350-653510.jpg"
    },
    {
	"teks": " *Oni-chan Onegaishimasu* ",
	"image": "https://images.alphacoders.com/785/thumb-350-785495.jpg"
    },
    {
	"teks": " *Oni-chan Onegaishimasu* ",
	"image": "https://images8.alphacoders.com/596/thumb-350-596672.jpg"
    },
    {
	"teks": " *Oni-chan Onegaishimasu* ",
	"image": "https://images6.alphacoders.com/749/thumb-350-749896.png"
    },
    {
	"teks": " *Oni-chan Onegaishimasu* ",
	"image": "https://images6.alphacoders.com/910/thumb-350-910149.jpg"
    },
    {
	"teks": " *Oni-chan Onegaishimasu* ",
	"image": "https://images6.alphacoders.com/661/thumb-350-661661.jpg"
    },
    {
	"teks": " *Oni-chan Onegaishimasu* ",
	"image": "https://images3.alphacoders.com/790/thumb-350-790874.jpg"
    },
    {
	"teks": " *Oni-chan Onegaishimasu* ",
	"image": "https://images3.alphacoders.com/713/thumb-350-713511.png"
    },
    {
	"teks": " *Oni-chan Onegaishimasu* ",
	"image": "https://images2.alphacoders.com/629/thumb-350-629542.jpg"
    },
    {
	"teks": " *Oni-chan Onegaishimasu* ",
	"image": "https://images6.alphacoders.com/804/thumb-350-804401.png"
    },
    {
	"teks": " *Oni-chan Onegaishimasu* ",
	"image": "https://images8.alphacoders.com/683/thumb-350-683505.jpg"
    },
    {
	"teks": " *Oni-chan Onegaishimasu* ",
	"image": "https://images8.alphacoders.com/711/thumb-350-711901.png"
    },
    {
	"teks": " *Oni-chan Onegaishimasu* ",
	"image": "https://images7.alphacoders.com/849/thumb-350-849779.jpg"
    },
    {
	"teks": " *Oni-chan Onegaishimasu* ",
	"image": "https://images7.alphacoders.com/938/thumb-350-938950.jpg"
    },
    {
	"teks": " *Oni-chan Onegaishimasu* ",
	"image": "https://images7.alphacoders.com/944/thumb-350-944934.jpg"
    },
    {
	"teks": " *Oni-chan Onegaishimasu* ",
	"image": "https://images.alphacoders.com/819/thumb-350-819678.png"
    },
    {
	"teks": " *Oni-chan Onegaishimasu* ",
	"image": "https://images6.alphacoders.com/102/thumb-350-1020216.jpg"
    },
    {
	"teks": " *Oni-chan Onegaishimasu* ",
	"image": "https://images8.alphacoders.com/589/thumb-350-589967.png"
    },
    {
	"teks": " *Oni-chan Onegaishimasu* ",
	"image": "https://images6.alphacoders.com/680/thumb-350-680845.jpg"
    },
    {
	"teks": " *Oni-chan Onegaishimasu* ",
	"image": "https://images5.alphacoders.com/670/thumb-350-670920.jpg"
    },
    {
	"teks": " *Oni-chan Onegaishimasu* ",
	"image": "https://images6.alphacoders.com/596/thumb-350-596872.jpg"
    },
    {
	"teks": " *Oni-chan Onegaishimasu* ",
	"image": "https://images2.alphacoders.com/834/thumb-350-834631.jpg"
    },
    {
	"teks": " *Oni-chan Onegaishimasu* ",
	"image": "https://images4.alphacoders.com/709/thumb-350-709870.jpg"
    },
    {
	"teks": " *Oni-chan Onegaishimasu* ",
	"image": "https://images7.alphacoders.com/944/thumb-350-944987.jpg"
    },
    {
	"teks": " *Oni-chan Onegaishimasu* ",
	"image": "https://images7.alphacoders.com/946/thumb-350-946226.jpg"
    },
    {
	"teks": " *Oni-chan Onegaishimasu* ",
	"image": "https://images2.alphacoders.com/610/thumb-350-610776.png"
    },
    {
	"teks": " *Oni-chan Onegaishimasu* ",
	"image": "https://images.alphacoders.com/298/thumb-350-298731.jpg"
    },
    {
	"teks": " *Oni-chan Onegaishimasu* ",
	"image": "https://images5.alphacoders.com/753/thumb-350-753274.png"
    },
    {
	"teks": " *Oni-chan Onegaishimasu* ",
	"image": "https://images.alphacoders.com/219/thumb-350-219363.jpg"
    },
    {
	"teks": " *Oni-chan Onegaishimasu* ",
	"image": "https://images6.alphacoders.com/100/thumb-350-1007788.jpg"
    },
    {
	"teks": " *Oni-chan Onegaishimasu* ",
	"image": "https://images4.alphacoders.com/584/thumb-350-584474.png"
    },
    {
	"teks": " *Oni-chan Onegaishimasu* ",
	"image": "https://images3.alphacoders.com/687/thumb-350-687041.png"
    },
    {
	"teks": " *Oni-chan Onegaishimasu* ",
	"image": "https://images7.alphacoders.com/703/thumb-350-703958.png"
    },
    {
	"teks": " *Oni-chan Onegaishimasu* ",
	"image": "https://images5.alphacoders.com/710/thumb-350-710645.jpg"
    },
    {
	"teks": " *Oni-chan Onegaishimasu* ",
	"image": "https://images6.alphacoders.com/932/thumb-350-932521.jpg"
    },
    {
	"teks": " *Oni-chan Onegaishimasu* ",
	"image": "https://images5.alphacoders.com/320/thumb-350-320318.jpg"
    },
    {
	"teks": " *Oni-chan Onegaishimasu* ",
	"image": "https://images3.alphacoders.com/111/thumb-350-1112085.jpg"
    },
    {
	"teks": " *Oni-chan Onegaishimasu* ",
	"image": "https://images7.alphacoders.com/718/thumb-350-718277.jpg"
    },
    {
	"teks": " *Oni-chan Onegaishimasu* ",
	"image": "https://images5.alphacoders.com/765/thumb-350-765712.jpg"
    },
    {
	"teks": " *Oni-chan Onegaishimasu* ",
	"image": "https://images3.alphacoders.com/629/thumb-350-629556.jpg"
    },
    {
	"teks": " *Oni-chan Onegaishimasu* ",
	"image": "https://images6.alphacoders.com/710/thumb-350-710525.png"
    },
    {
	"teks": " *Oni-chan Onegaishimasu* ",
	"image": "https://images4.alphacoders.com/102/thumb-350-1028306.png"
    },
    {
	"teks": " *Oni-chan Onegaishimasu* ",
	"image": "https://images5.alphacoders.com/691/thumb-350-691892.png"
    },
    {
	"teks": " *Oni-chan Onegaishimasu* ",
	"image": "https://images6.alphacoders.com/716/thumb-350-716967.jpg"
    },
    {
	"teks": " *Oni-chan Onegaishimasu* ",
	"image": "https://images5.alphacoders.com/932/thumb-350-932100.jpg"
    },
    {
	"teks": " *Oni-chan Onegaishimasu* ",
	"image": "https://images3.alphacoders.com/941/thumb-350-941423.jpg"
    },
    {
	"teks": " *Oni-chan Onegaishimasu* ",
	"image": "https://images2.alphacoders.com/715/thumb-350-715124.jpg"
    },
    {
	"teks": " *Oni-chan Onegaishimasu* ",
	"image": "https://images2.alphacoders.com/951/thumb-350-951581.jpg"
    },
    {
	"teks": " *Oni-chan Onegaishimasu* ",
	"image": "https://images5.alphacoders.com/101/thumb-350-1014466.jpg"
    },
    {
	"teks": " *Oni-chan Onegaishimasu* ",
	"image": "https://images2.alphacoders.com/678/thumb-350-678266.jpg"
    },
    {
	"teks": " *Oni-chan Onegaishimasu* ",
	"image": "https://images4.alphacoders.com/702/thumb-350-702486.jpg"
    },
    {
	"teks": " *Oni-chan Onegaishimasu* ",
	"image": "https://images2.alphacoders.com/738/thumb-350-738839.jpg"
    },
    {
	"teks": " *Oni-chan Onegaishimasu* ",
	"image": "https://images7.alphacoders.com/785/thumb-350-785494.jpg"
    },
    {
	"teks": " *Oni-chan Onegaishimasu* ",
	"image": "https://images5.alphacoders.com/670/thumb-350-670907.jpg"
    },
    {
	"teks": " *Oni-chan Onegaishimasu* ",
	"image": "https://images6.alphacoders.com/332/thumb-350-332414.jpg"
    },
    {
	"teks": " *Oni-chan Onegaishimasu* ",
	"image": "https://images8.alphacoders.com/552/thumb-350-552123.jpg"
    },
    {
	"teks": " *Oni-chan Onegaishimasu* ",
	"image": "https://images4.alphacoders.com/290/thumb-350-290584.jpg"
    },
    {
	"teks": " *Oni-chan Onegaishimasu* ",
	"image": "https://images2.alphacoders.com/561/thumb-350-561529.jpg"
    },
    {
	"teks": " *Oni-chan Onegaishimasu* ",
	"image": "https://images.alphacoders.com/751/thumb-350-751473.jpg"
    },
    {
	"teks": " *Oni-chan Onegaishimasu* ",
	"image": "https://images7.alphacoders.com/753/thumb-350-753275.png"
    },
    {
	"teks": " *Oni-chan Onegaishimasu* ",
	"image": "https://images4.alphacoders.com/245/thumb-350-245374.jpg"
    },
    {
	"teks": " *Oni-chan Onegaishimasu* ",
	"image": "https://images7.alphacoders.com/334/thumb-350-334226.jpg"
    },
    {
	"teks": " *Oni-chan Onegaishimasu* ",
	"image": "https://images7.alphacoders.com/814/thumb-350-814416.png"
    },
    {
	"teks": " *Oni-chan Onegaishimasu* ",
	"image": "https://images.alphacoders.com/100/thumb-350-1007548.jpg"
    },
    {
	"teks": " *Oni-chan Onegaishimasu* ",
	"image": "https://images3.alphacoders.com/755/thumb-350-755384.png"
    },
    {
	"teks": " *Oni-chan Onegaishimasu* ",
	"image": "https://images6.alphacoders.com/666/thumb-350-666089.png"
    },
    {
	"teks": " *Oni-chan Onegaishimasu* ",
	"image": "https://images8.alphacoders.com/100/thumb-350-1005531.jpg"
    },
    {
	"teks": " *Oni-chan Onegaishimasu* ",
	"image": "https://images2.alphacoders.com/708/thumb-350-708170.png"
    },
    {
	"teks": " *Oni-chan Onegaishimasu* ",
	"image": "https://images5.alphacoders.com/298/thumb-350-298779.jpg"
    },
    {
	"teks": " *Oni-chan Onegaishimasu* ",
	"image": "https://images3.alphacoders.com/596/thumb-350-596677.jpg"
    },
    {
	"teks": " *Oni-chan Onegaishimasu* ",
	"image": "https://images2.alphacoders.com/677/thumb-350-677418.jpg"
    },
    {
	"teks": " *Oni-chan Onegaishimasu* ",
	"image": "https://images4.alphacoders.com/933/thumb-350-933796.jpg"
    },
    {
	"teks": " *Oni-chan Onegaishimasu* ",
	"image": "https://images5.alphacoders.com/934/thumb-350-934679.png"
    },
    {
	"teks": " *Oni-chan Onegaishimasu* ",
	"image": "https://images3.alphacoders.com/936/thumb-350-936039.png"
    },
    {
	"teks": " *Oni-chan Onegaishimasu* ",
	"image": "https://images8.alphacoders.com/934/thumb-350-934415.png"
    },
    {
	"teks": " *Oni-chan Onegaishimasu* ",
	"image": "https://images8.alphacoders.com/935/thumb-350-935803.png"
    },
    {
	"teks": " *Oni-chan Onegaishimasu* ",
	"image": "https://images2.alphacoders.com/936/thumb-350-936047.png"
    },
    {
	"teks": " *Oni-chan Onegaishimasu* ",
	"image": "https://images6.alphacoders.com/936/thumb-350-936051.png"
    },
    {
	"teks": " *Oni-chan Onegaishimasu* ",
	"image": "https://images6.alphacoders.com/109/thumb-350-1099187.jpg"
    },
    {
	"teks": " *Oni-chan Onegaishimasu* ",
	"image": "https://images4.alphacoders.com/736/thumb-350-736321.png"
    },
    {
	"teks": " *Oni-chan Onegaishimasu* ",
	"image": "https://images3.alphacoders.com/766/thumb-350-766328.jpg"
    },
    {
	"teks": " *Oni-chan Onegaishimasu* ",
	"image": "https://images6.alphacoders.com/632/thumb-350-632826.png"
    },
    {
	"teks": " *Oni-chan Onegaishimasu* ",
	"image": "https://images2.alphacoders.com/933/thumb-350-933314.jpg"
    },
    {
	"teks": " *Oni-chan Onegaishimasu* ",
	"image": "https://images4.alphacoders.com/686/thumb-350-686164.jpg"
    },
    {
	"teks": " *Oni-chan Onegaishimasu* ",
	"image": "https://images2.alphacoders.com/102/thumb-350-1024473.png"
    },
    {
	"teks": " *Oni-chan Onegaishimasu* ",
	"image": "https://images5.alphacoders.com/328/thumb-350-328222.png"
    },
    {
	"teks": " *Oni-chan Onegaishimasu* ",
	"image": "https://images3.alphacoders.com/715/thumb-350-715278.png"
    },
    {
	"teks": " *Oni-chan Onegaishimasu* ",
	"image": "https://images.alphacoders.com/720/thumb-350-720814.png"
    },
    {
	"teks": " *Oni-chan Onegaishimasu* ",
	"image": "https://images5.alphacoders.com/676/thumb-350-676284.jpg"
    },
    {
	"teks": " *Oni-chan Onegaishimasu* ",
	"image": "https://images8.alphacoders.com/785/thumb-350-785482.jpg"
    },
    {
	"teks": " *Oni-chan Onegaishimasu* ",
	"image": "https://images.alphacoders.com/940/thumb-350-940250.jpg"
    },
    {
	"teks": " *Oni-chan Onegaishimasu* ",
	"image": "https://images5.alphacoders.com/949/thumb-350-949591.png"
    },
    {
	"teks": " *Oni-chan Onegaishimasu* ",
	"image": "https://images7.alphacoders.com/917/thumb-350-917627.jpg"
    },
    {
	"teks": " *Oni-chan Onegaishimasu* ",
	"image": "https://images3.alphacoders.com/596/thumb-350-596868.jpg"
    },
    {
	"teks": " *Oni-chan Onegaishimasu* ",
	"image": "https://images8.alphacoders.com/617/thumb-350-617142.jpg"
    },
    {
	"teks": " *Oni-chan Onegaishimasu* ",
	"image": "https://images7.alphacoders.com/912/thumb-350-912556.jpg"
    },
    {
	"teks": " *Oni-chan Onegaishimasu* ",
	"image": "https://images3.alphacoders.com/555/thumb-350-555149.jpg"
    },
    {
	"teks": " *Oni-chan Onegaishimasu* ",
	"image": "https://images3.alphacoders.com/596/thumb-350-596829.jpg"
    },
    {
	"teks": " *Oni-chan Onegaishimasu* ",
	"image": "https://images3.alphacoders.com/682/thumb-350-682155.jpg"
    },
    {
	"teks": " *Oni-chan Onegaishimasu* ",
	"image": "https://images6.alphacoders.com/598/thumb-350-598792.jpg"
    },
    {
	"teks": " *Oni-chan Onegaishimasu* ",
	"image": "https://images4.alphacoders.com/772/thumb-350-772892.png"
    },
    {
	"teks": " *Oni-chan Onegaishimasu* ",
	"image": "https://images2.alphacoders.com/996/thumb-350-996678.jpg"
    },
    {
	"teks": " *Oni-chan Onegaishimasu* ",
	"image": "https://images4.alphacoders.com/685/thumb-350-685117.jpg"
    },
    {
	"teks": " *Oni-chan Onegaishimasu* ",
	"image": "https://images7.alphacoders.com/718/thumb-350-718752.png"
    },
    {
	"teks": " *Oni-chan Onegaishimasu* ",
	"image": "https://images8.alphacoders.com/944/thumb-350-944972.png"
    },
    {
	"teks": " *Oni-chan Onegaishimasu* ",
	"image": "https://images.alphacoders.com/721/thumb-350-721546.png"
    },
    {
	"teks": " *Oni-chan Onegaishimasu* ",
	"image": "https://images7.alphacoders.com/749/thumb-350-749877.png"
    },
    {
	"teks": " *Oni-chan Onegaishimasu* ",
	"image": "https://images2.alphacoders.com/919/thumb-350-919425.jpg"
    },
    {
	"teks": " *Oni-chan Onegaishimasu* ",
	"image": "https://images5.alphacoders.com/629/thumb-350-629504.jpg"
    },
    {
	"teks": " *Oni-chan Onegaishimasu* ",
	"image": "https://images4.alphacoders.com/711/thumb-350-711967.png"
    },
    {
	"teks": " *Oni-chan Onegaishimasu* ",
	"image": "https://images4.alphacoders.com/721/thumb-350-721547.png"
    },
    {
	"teks": " *Oni-chan Onegaishimasu* ",
	"image": "https://images2.alphacoders.com/765/thumb-350-765871.png"
    },
    {
	"teks": " *Oni-chan Onegaishimasu* ",
	"image": "https://images7.alphacoders.com/785/thumb-350-785633.png"
    },
    {
	"teks": " *Oni-chan Onegaishimasu* ",
	"image": "https://images7.alphacoders.com/881/thumb-350-881556.png"
    },
    {
	"teks": " *Oni-chan Onegaishimasu* ",
	"image": "https://images4.alphacoders.com/935/thumb-350-935852.jpg"
    },
    {
	"teks": " *Oni-chan Onegaishimasu* ",
	"image": "https://images4.alphacoders.com/693/thumb-350-693714.png"
    },
    {
	"teks": " *Oni-chan Onegaishimasu* ",
	"image": "https://images5.alphacoders.com/737/thumb-350-737365.png"
    },
    {
	"teks": " *Oni-chan Onegaishimasu* ",
	"image": "https://images8.alphacoders.com/749/thumb-350-749878.png"
    },
    {
	"teks": " *Oni-chan Onegaishimasu* ",
	"image": "https://images7.alphacoders.com/857/thumb-350-857453.jpg"
    },
    {
	"teks": " *Oni-chan Onegaishimasu* ",
	"image": "https://images3.alphacoders.com/905/thumb-350-905253.png"
    },
    {
	"teks": " *Oni-chan Onegaishimasu* ",
	"image": "https://images2.alphacoders.com/555/thumb-350-555130.jpg"
    },
    {
	"teks": " *Oni-chan Onegaishimasu* ",
	"image": "https://images.alphacoders.com/101/thumb-350-1014461.jpg"
    },
    {
	"teks": " *Oni-chan Onegaishimasu* ",
	"image": "https://images.alphacoders.com/103/thumb-350-1032109.png"
    },
    {
	"teks": " *Oni-chan Onegaishimasu* ",
	"image": "https://images5.alphacoders.com/676/thumb-350-676232.png"
    },
    {
	"teks": " *Oni-chan Onegaishimasu* ",
	"image": "https://images5.alphacoders.com/936/thumb-350-936042.png"
    },
    {
	"teks": " *Oni-chan Onegaishimasu* ",
	"image": "https://images.alphacoders.com/955/thumb-350-955319.jpg"
    },
    {
	"teks": " *Oni-chan Onegaishimasu* ",
	"image": "https://images.alphacoders.com/933/thumb-350-933418.jpg"
    },
    {
	"teks": " *Oni-chan Onegaishimasu* ",
	"image": "https://images8.alphacoders.com/933/thumb-350-933850.jpg"
    },
    {
	"teks": " *Oni-chan Onegaishimasu* ",
	"image": "https://images5.alphacoders.com/106/thumb-350-1068554.jpg"
    },
    {
	"teks": " *Oni-chan Onegaishimasu* ",
	"image": "https://images7.alphacoders.com/596/thumb-350-596875.jpg"
    },
    {
	"teks": " *Oni-chan Onegaishimasu* ",
	"image": "https://images8.alphacoders.com/640/thumb-350-640573.jpg"
    },
    {
	"teks": " *Oni-chan Onegaishimasu* ",
	"image": "https://images7.alphacoders.com/675/thumb-350-675119.jpg"
    },
    {
	"teks": " *Oni-chan Onegaishimasu* ",
	"image": "https://images3.alphacoders.com/947/thumb-350-947597.jpg"
    },
    {
	"teks": " *Oni-chan Onegaishimasu* ",
	"image": "https://images8.alphacoders.com/983/thumb-350-983752.png"
    },
    {
	"teks": " *Oni-chan Onegaishimasu* ",
	"image": "https://images7.alphacoders.com/408/thumb-350-408146.jpg"
    },
    {
	"teks": " *Oni-chan Onegaishimasu* ",
	"image": "https://images2.alphacoders.com/860/thumb-350-860262.png"
    },
    {
	"teks": " *Oni-chan Onegaishimasu* ",
	"image": "https://images.alphacoders.com/875/thumb-350-875164.png"
    },
    {
	"teks": " *Oni-chan Onegaishimasu* ",
	"image": "https://images2.alphacoders.com/884/thumb-350-884985.jpg"
    },
    {
	"teks": " *Oni-chan Onegaishimasu* ",
	"image": "https://images6.alphacoders.com/912/thumb-350-912250.jpg"
    },
    {
	"teks": " *Oni-chan Onegaishimasu* ",
	"image": "https://images8.alphacoders.com/917/thumb-350-917568.png"
    },
    {
	"teks": " *Oni-chan Onegaishimasu* ",
	"image": "https://images.alphacoders.com/933/thumb-350-933089.jpg"
    },
    {
	"teks": " *Oni-chan Onegaishimasu* ",
	"image": "https://images4.alphacoders.com/938/thumb-350-938101.png"
    },
    {
	"teks": " *Oni-chan Onegaishimasu* ",
	"image": "https://images4.alphacoders.com/983/thumb-350-983753.png"
    },
    {
	"teks": " *Oni-chan Onegaishimasu* ",
	"image": "https://images4.alphacoders.com/672/thumb-350-672623.jpg"
    },
    {
	"teks": " *Oni-chan Onegaishimasu* ",
	"image": "https://images7.alphacoders.com/937/thumb-350-937830.jpg"
    },
    {
	"teks": " *Oni-chan Onegaishimasu* ",
	"image": "https://images3.alphacoders.com/947/thumb-350-947906.png"
    },
    {
	"teks": " *Oni-chan Onegaishimasu* ",
	"image": "https://images2.alphacoders.com/100/thumb-350-1004775.jpg"
    },
    {
	"teks": " *Oni-chan Onegaishimasu* ",
	"image": "https://images3.alphacoders.com/698/thumb-350-698502.png"
    },
    {
	"teks": " *Oni-chan Onegaishimasu* ",
	"image": "https://images3.alphacoders.com/740/thumb-350-740268.jpg"
    },
    {
	"teks": " *Oni-chan Onegaishimasu* ",
	"image": "https://images7.alphacoders.com/747/thumb-350-747939.png"
    },
    {
	"teks": " *Oni-chan Onegaishimasu* ",
	"image": "https://images4.alphacoders.com/924/thumb-350-924537.jpg"
    },
    {
	"teks": " *Oni-chan Onegaishimasu* ",
	"image": "https://images2.alphacoders.com/196/thumb-350-196030.jpg"
    },
     {
	"teks": " *Oni-chan Onegaishimasu* ",
	"image": "https://images2.alphacoders.com/933/thumb-350-933799.jpg"
    },
     {
	"teks": " *Oni-chan Onegaishimasu* ",
	"image": "https://images4.alphacoders.com/629/thumb-350-629557.png"
    },
     {
	"teks": " *Oni-chan Onegaishimasu* ",
	"image": "https://images7.alphacoders.com/755/thumb-350-755334.png"
    },
     {
	"teks": " *Oni-chan Onegaishimasu* ",
	"image": "https://images6.alphacoders.com/933/thumb-350-933414.jpg"
    },
     {
	"teks": " *Oni-chan Onegaishimasu* ",
	"image": "https://images8.alphacoders.com/103/thumb-350-1034547.jpg"
    },
     {
	"teks": " *Oni-chan Onegaishimasu* ",
	"image": "https://images.alphacoders.com/957/thumb-350-957039.png"
    },
     {
	"teks": " *Oni-chan Onegaishimasu* ",
	"image": "https://images.alphacoders.com/807/thumb-350-807008.png"
    },
     {
	"teks": " *Oni-chan Onegaishimasu* ",
	"image": "https://images5.alphacoders.com/603/thumb-350-603606.png"
    },
     {
	"teks": " *Oni-chan Onegaishimasu* ",
	"image": "https://images4.alphacoders.com/693/thumb-350-693506.jpg"
    },
     {
	"teks": " *Oni-chan Onegaishimasu* ",
	"image": "https://images4.alphacoders.com/726/thumb-350-726215.jpg"
    },
    {
	"teks": " *Oni-chan Onegaishimasu* ",
	"image": "https://images2.alphacoders.com/738/thumb-350-738871.png"
    },
     {
	"teks": " *Oni-chan Onegaishimasu* ",
	"image": "https://images5.alphacoders.com/935/thumb-350-935952.png"
    },
     {
	"teks": " *Oni-chan Onegaishimasu* ",
	"image": "https://images7.alphacoders.com/944/thumb-350-944936.png"
    },
     {
	"teks": " *Oni-chan Onegaishimasu* ",
	"image": "https://images6.alphacoders.com/983/thumb-350-983754.png"
    },
     {
	"teks": " *Oni-chan Onegaishimasu* ",
	"image": "https://images.alphacoders.com/100/thumb-350-1001333.png"
    },
     {
	"teks": " *Oni-chan Onegaishimasu* ",
	"image": "https://images4.alphacoders.com/100/thumb-350-1007074.jpg"
    },
     {
	"teks": " *Oni-chan Onegaishimasu* ",
	"image": "https://images7.alphacoders.com/714/thumb-350-714052.jpg"
    },
     {
	"teks": " *Oni-chan Onegaishimasu* ",
	"image": "https://images.alphacoders.com/932/thumb-350-932609.jpg"
    },
     {
	"teks": " *Oni-chan Onegaishimasu* ",
	"image": "https://images4.alphacoders.com/932/thumb-350-932959.jpg"
    },
     {
	"teks": " *Oni-chan Onegaishimasu* ",
	"image": "https://images2.alphacoders.com/946/thumb-350-946890.png"
    },
    {
	"teks": " *Oni-chan Onegaishimasu* ",
	"image": "https://images2.alphacoders.com/994/thumb-350-994301.jpg"
    },
     {
	"teks": " *Oni-chan Onegaishimasu* ",
	"image": "https://images5.alphacoders.com/946/thumb-350-946949.png"
    },
     {
	"teks": " *Oni-chan Onegaishimasu* ",
	"image": "https://images4.alphacoders.com/724/thumb-350-724442.png"
    },
     {
	"teks": " *Oni-chan Onegaishimasu* ",
	"image": "https://images8.alphacoders.com/693/thumb-350-693711.png"
    },
     {
	"teks": " *Oni-chan Onegaishimasu* ",
	"image": "https://images8.alphacoders.com/693/thumb-350-693711.png"
    },
     {
	"teks": " *Oni-chan Onegaishimasu* ",
	"image": "https://images8.alphacoders.com/940/thumb-350-940539.png"
    },
     {
	"teks": " *Oni-chan Onegaishimasu* ",
	"image": "https://images4.alphacoders.com/944/thumb-350-944106.png"
    },
     {
	"teks": " *Oni-chan Onegaishimasu* ",
	"image": "https://images8.alphacoders.com/975/thumb-350-975263.jpg"
    },
     {
	"teks": " *Oni-chan Onegaishimasu* ",
	"image": "https://images6.alphacoders.com/731/thumb-350-731815.jpg"
    },
     {
	"teks": " *Oni-chan Onegaishimasu* ",
	"image": "https://images5.alphacoders.com/935/thumb-350-935856.jpg"
    },
    {
	"teks": " *Oni-chan Onegaishimasu* ",
	"image": "https://images5.alphacoders.com/941/thumb-350-941995.png"
    },
     {
	"teks": " *Oni-chan Onegaishimasu* ",
	"image": "https://images5.alphacoders.com/110/thumb-350-1103642.jpg"
    },
     {
	"teks": " *Oni-chan Onegaishimasu* ",
	"image": "https://images4.alphacoders.com/111/thumb-350-1112468.png"
    },
     {
	"teks": " *Oni-chan Onegaishimasu* ",
	"image": "https://images.alphacoders.com/743/thumb-350-743666.png"
    },
     {
	"teks": " *Oni-chan Onegaishimasu* ",
	"image": "https://images4.alphacoders.com/640/thumb-350-640616.jpg"
    },
     {
	"teks": " *Oni-chan Onegaishimasu* ",
	"image": "https://images8.alphacoders.com/668/thumb-350-668524.png"
    },
     {
	"teks": " *Oni-chan Onegaishimasu* ",
	"image": "https://images6.alphacoders.com/836/thumb-350-836348.jpg"
    },
     {
	"teks": " *Oni-chan Onegaishimasu* ",
	"image": "https://images2.alphacoders.com/874/thumb-350-874677.jpg"
    },
     {
	"teks": " *Oni-chan Onegaishimasu* ",
	"image": "https://images4.alphacoders.com/919/thumb-350-919814.jpg"
    },
     {
	"teks": " *Oni-chan Onegaishimasu* ",
	"image": "https://images3.alphacoders.com/933/thumb-350-933088.jpg"
    },
    {
	"teks": " *Oni-chan Onegaishimasu* ",
	"image": "https://images3.alphacoders.com/935/thumb-350-935664.png"
    },
     {
	"teks": " *Oni-chan Onegaishimasu* ",
	"image": "https://images5.alphacoders.com/941/thumb-350-941524.png"
    },
     {
	"teks": " *Oni-chan Onegaishimasu* ",
	"image": "https://images4.alphacoders.com/993/thumb-350-993260.jpg"
    },
     {
	"teks": " *Oni-chan Onegaishimasu* ",
	"image": "https://images4.alphacoders.com/102/thumb-350-1026796.jpg"
    },
     {
	"teks": " *Oni-chan Onegaishimasu* ",
	"image": "https://images8.alphacoders.com/936/thumb-350-936045.png"
    },
     {
	"teks": " *Oni-chan Onegaishimasu* ",
	"image": "https://images6.alphacoders.com/936/thumb-350-936033.png"
    },
     {
	"teks": " *Oni-chan Onegaishimasu* ",
	"image": "https://images8.alphacoders.com/720/thumb-350-720865.jpg"
    },
     {
	"teks": " *Oni-chan Onegaishimasu* ",
	"image": "https://images7.alphacoders.com/781/thumb-350-781712.png"
    },
     {
	"teks": " *Oni-chan Onegaishimasu* ",
	"image": "https://images8.alphacoders.com/839/thumb-350-839454.jpg"
    },
     {
	"teks": " *Oni-chan Onegaishimasu* ",
	"image": "https://images7.alphacoders.com/874/thumb-350-874675.jpg"
    },
    {
	"teks": " *Oni-chan Onegaishimasu* ",
	"image": "https://images2.alphacoders.com/874/thumb-350-874678.jpg"
    },
     {
	"teks": " *Oni-chan Onegaishimasu* ",
	"image": "https://images.alphacoders.com/896/thumb-350-896209.png"
    },
     {
	"teks": " *Oni-chan Onegaishimasu* ",
	"image": "https://images7.alphacoders.com/902/thumb-350-902979.jpg"
    },
     {
	"teks": " *Oni-chan Onegaishimasu* ",
	"image": "https://images3.alphacoders.com/932/thumb-350-932608.jpg"
    },
     {
	"teks": " *Oni-chan Onegaishimasu* ",
	"image": "https://images2.alphacoders.com/944/thumb-350-944402.png"
    },
     {
	"teks": " *Oni-chan Onegaishimasu* ",
	"image": "https://images5.alphacoders.com/103/thumb-350-1031261.jpg"
    },
     {
	"teks": " *Oni-chan Onegaishimasu* ",
	"image": "https://images3.alphacoders.com/932/thumb-350-932969.jpg"
    },
     {
	"teks": " *Oni-chan Onegaishimasu* ",
	"image": "https://images3.alphacoders.com/902/thumb-350-902997.png"
    },
     {
	"teks": " *Oni-chan Onegaishimasu* ",
	"image": "https://images3.alphacoders.com/948/thumb-350-948389.png"
    },
     {
	"teks": " *Oni-chan Onegaishimasu* ",
	"image": "https://images3.alphacoders.com/640/thumb-350-640634.jpg"
    },
    {
	"teks": " *Oni-chan Onegaishimasu* ",
	"image": "https://images5.alphacoders.com/740/thumb-350-740315.jpg"
    },
     {
	"teks": " *Oni-chan Onegaishimasu* ",
	"image": "https://images4.alphacoders.com/719/thumb-350-719601.png"
    },
     {
	"teks": " *Oni-chan Onegaishimasu* ",
	"image": "https://images6.alphacoders.com/747/thumb-350-747130.jpg"
    },
     {
	"teks": " *Oni-chan Onegaishimasu* ",
	"image": "https://images8.alphacoders.com/774/thumb-350-774582.jpg"
    },
     {
	"teks": " *Oni-chan Onegaishimasu* ",
	"image": "https://images2.alphacoders.com/919/thumb-350-919611.jpg"
    },
     {
	"teks": " *Oni-chan Onegaishimasu* ",
	"image": "https://images.alphacoders.com/874/thumb-350-874676.jpg"
    },
     {
	"teks": " *Oni-chan Onegaishimasu* ",
	"image": "https://images6.alphacoders.com/930/thumb-350-930598.png"
    },
     {
	"teks": " *Oni-chan Onegaishimasu* ",
	"image": "https://images7.alphacoders.com/932/thumb-350-932607.jpg"
    },
     {
	"teks": " *Oni-chan Onegaishimasu* ",
	"image": "https://images3.alphacoders.com/932/thumb-350-932968.jpg"
    },
     {
	"teks": " *Oni-chan Onegaishimasu* ",
	"image": "https://images3.alphacoders.com/932/thumb-350-932948.jpg"
    }
   

]