[
	{
	"teks": " *MemeIndo* ",
	"image": "https://1.bp.blogspot.com/-Dgfxtqx2-4Q/X93Qp4Y2BjI/AAAAAAAAVCo/rIEPJHQ1nscH1vEd-HL0NZzsqN2DbIIogCNcBGAsYHQ/s400/17155592_1181039958673934_2037585519901143188_n.jpg"
    },
     {
	"teks": " *MemeIndo* ",
	"image": "https://1.bp.blogspot.com/-ss4pXNh7hm8/X93Qpw5iKFI/AAAAAAAAVCs/JFrVWawD0kwD7W8fkRf9VMHieewa7JkuACNcBGAsYHQ/s400/17155971_1183799448397985_5832817525653398243_n.jpg"
    },
     {
	"teks": " *MemeIndo* ",
	"image": "https://1.bp.blogspot.com/-wk5ACPF_dH8/X93QqGsQ2qI/AAAAAAAAVCw/0AAG6OD4xhsmQRN0ZhVmfTBaNBHZVjmvACNcBGAsYHQ/s400/17158867_1179286625515934_842315975254456246_o.jpg"
    },
     {
	"teks": " *MemeIndo* ",
	"image": "https://1.bp.blogspot.com/-Q6dHKGMD-7I/X93Qq_9oP7I/AAAAAAAAVC0/TKG39MuJjMwUruEOi3GfwcMpa0ICkAJbgCNcBGAsYHQ/s501/17190767_1178488555595741_6817548353829247310_n.jpg"
    },
     {
	"teks": " *MemeIndo* ",
	"image": "https://1.bp.blogspot.com/-hzvC1Upq3-U/X93QrJchAZI/AAAAAAAAVC4/ZsPWQPo39gsIdjtWN7nAa8t9FalMweCzACNcBGAsYHQ/s660/17190780_1181022292009034_5390645615219493771_n.jpg"
    },
     {
	"teks": " *MemeIndo* ",
	"image": "https://1.bp.blogspot.com/-KKveBXwutWk/X93QrM9z8pI/AAAAAAAAVC8/yxC6ww00SpILuTxTUkqph9g4e9SEqk1ygCNcBGAsYHQ/s480/17191324_1179278682183395_5332778894874806842_n.jpg"
    },

    {
	"teks": " *MemeIndo* ",
	"image": "https://1.bp.blogspot.com/-uwreBFETrxU/X93Qr5yXk1I/AAAAAAAAVDE/K6Iw6Gb5VkUlPAkhaabV8MGiVdbOVeOogCNcBGAsYHQ/s480/17191533_1180338975410699_4702309904012451246_n.jpg"
    },
    {
	"teks": " *MemeIndo* ",
	"image": "https://1.bp.blogspot.com/-bwacAyJGnnw/X93QsIffO0I/AAAAAAAAVDI/mVj4_QGc9E4NLoCjCZABpmYpgMyq3wrNgCNcBGAsYHQ/s480/17201190_1180197138758216_1310771501546290299_n.jpg"
    },
     {
	"teks": " *MemeIndo* ",
	"image": "https://1.bp.blogspot.com/-rDsjFDuIg58/X93QsflOvBI/AAAAAAAAVDM/XIcVgrJ7ZA89ix1HBxYt0u_DYS_KXkCwwCNcBGAsYHQ/s640/17201241_1181393215305275_5753464089172972184_n.jpg"
    },
     {
	"teks": " *MemeIndo* ",
	"image": "https://1.bp.blogspot.com/-3cc9htXSNqs/X93Qslqt_xI/AAAAAAAAVDQ/2K93uMJVcMs2irUciLk1XG7BDZl6J0WlgCNcBGAsYHQ/s480/17201451_1181581051953158_4688399738913979909_n.jpg"
    },
     {
	"teks": " *MemeIndo* ",
	"image": "https://1.bp.blogspot.com/-QLR94GRYDxY/X93QsxjVxQI/AAAAAAAAVDU/Dt2SG6CkUnM-_yJ8EzxlBzn8-oII_TuRgCNcBGAsYHQ/s625/17264469_1180449372066326_3091078360405976015_n.jpg"
    },
     {
	"teks": " *MemeIndo* ",
	"image": "https://1.bp.blogspot.com/-K-oRpdzGoYw/X93QtFACT2I/AAAAAAAAVDY/AUvVD_Qx2jYLrzNM0SAGg2FXxZUn0NKyACNcBGAsYHQ/s690/17264582_1189815244463072_1870177036512547088_n.jpg"
    },
     {
	"teks": " *MemeIndo* ",
	"image": "https://1.bp.blogspot.com/-qSZ8p7toTt0/X93QtortwTI/AAAAAAAAVDc/6j_jrwFD314aPXbKeDDQrampziMV2ZpIwCNcBGAsYHQ/s800/17265079_1181324795312117_6193855672170385475_n.jpg"
    },

    {
	"teks": " *MemeIndo* ",
	"image": "https://1.bp.blogspot.com/-x60nJDqFFj8/X93QtmN56JI/AAAAAAAAVDg/9uL1Lq36ep8KtHpBotuCrOe2WO9zpuv8QCNcBGAsYHQ/s547/17342756_1194185334026063_5931856619186923582_n.jpg"
    },
    {
	"teks": " *MemeIndo* ",
	"image": "https://1.bp.blogspot.com/-xYOuxWDRMuc/X93Qua2JxbI/AAAAAAAAVDo/MAhvg7fLKM0yLhFAlCi1oBTXTzewzJi9QCNcBGAsYHQ/s480/17361592_1187228608055069_4059984679227323144_n.jpg"
    },
     {
	"teks": " *MemeIndo* ",
	"image": "https://1.bp.blogspot.com/-8qgctWl6zSs/X93QurSxOgI/AAAAAAAAVDs/qLpEG3y3CW0r1L-fazxiOnLbfxVJatCrgCNcBGAsYHQ/s682/17362048_1186674321443831_3336081544700834943_n.jpg"
    },
     {
	"teks": " *MemeIndo* ",
	"image": "https://1.bp.blogspot.com/-C44EsDNS7Lc/X93Qu5rlrLI/AAAAAAAAVDw/2NZ-psz5_ZcoGYsR031CzyQa8iNqFvigwCNcBGAsYHQ/s720/17424957_1190673111043952_2174583932024594420_n.jpg"
    },
     {
	"teks": " *MemeIndo* ",
	"image": "https://1.bp.blogspot.com/-K0xq6UURlu4/X93QvBu7JAI/AAAAAAAAVD0/PdK1lwKRZgAzmffDUuGqWYEUBJvsRMeWACNcBGAsYHQ/s816/17458187_1192451860866077_8600172625919646746_n.jpg"
    },
     {
	"teks": " *MemeIndo* ",
	"image": "https://1.bp.blogspot.com/-EyxLckuBbAk/X93QvflEexI/AAAAAAAAVD4/OZl4rnsykWgmlwwHQetE0irLFmgJIW1xgCNcBGAsYHQ/s555/17498787_1198076103636986_3124254362656011360_n.jpg"
    },
     {
	"teks": " *MemeIndo* ",
	"image": "https://1.bp.blogspot.com/-6UEfaG2-Sg8/X93QvqcrvDI/AAAAAAAAVD8/lpT_HrEEv1kuHWu95wKomMbdTjG6mZ3PgCNcBGAsYHQ/s552/17553491_1198734730237790_7596162250031911585_n.jpg"
    },

    {
	"teks": " *MemeIndo* ",
	"image": "https://1.bp.blogspot.com/-3UOEvKzUj9I/X93Qv-ETawI/AAAAAAAAVEA/lo9zHkkRFLsUFWhTnm9Zex0nHujXHK2MgCNcBGAsYHQ/s854/17630163_1198074663637130_3026676950076691205_n.jpg"
    },
	 {
	"teks": " *MemeIndo* ",
	"image": "https://1.bp.blogspot.com/-2R6EQl-PP3k/X93Qm0s_yqI/AAAAAAAAVCM/ORBAGrALvnQR1WvImM-mdfL3amfVJwugACNcBGAsYHQ/s720/130604921_238919204290476_8816720097770674535_n.jpg"
    },
     {
	"teks": " *MemeIndo* ",
	"image": "https://1.bp.blogspot.com/-PfhnTx6io_o/X93Qm75KEhI/AAAAAAAAVCQ/Crqk6HuiXIozvULdsuQUx-9YCvBle9vIwCNcBGAsYHQ/s221/131485693_1771219229720443_7999655784319059425_o.jpg"
    },
     {
	"teks": " *MemeIndo* ",
	"image": "https://1.bp.blogspot.com/-JZ3EVujdP2c/X93Qmz1zI3I/AAAAAAAAVCI/FDRDNZ8UaoA2foz5laOQQZRU9ArfoY7MgCNcBGAsYHQ/s636/131629600_237577174424679_7946517207591166250_n.jpg"
    },
     {
	"teks": " *MemeIndo* ",
	"image": "https://1.bp.blogspot.com/-AddewLgHTFw/X93QnwknD9I/AAAAAAAAVCU/CtICRjOb8TUpgUqeoqtjUnGQqZKGHrhxACNcBGAsYHQ/s1147/131659016_238625354319861_5153948644548516853_o.jpg"
    },
     {
	"teks": " *MemeIndo* ",
	"image": "https://1.bp.blogspot.com/-YkYmjWfEsjM/X93QoY4dBhI/AAAAAAAAVCY/lXG-QVkA61cSxU7Kh_vs30L25EgtidpTgCNcBGAsYHQ/s720/131890233_238925257623204_4969021236944987950_n.jpg"
    },
     {
	"teks": " *MemeIndo* ",
	"image": "https://1.bp.blogspot.com/-0sYAhMnThg0/X93Qoa2ApdI/AAAAAAAAVCc/zXIFvDS5mioF_7A9TP-8j85n_f74hzU4gCNcBGAsYHQ/s479/131927764_3561201800657726_8987803594167856225_n.jpg"
    },
    {
	"teks": " *MemeIndo* ",
	"image": "https://1.bp.blogspot.com/-dZL374HOUlQ/X93QomRS3nI/AAAAAAAAVCg/KYJI8CdVSu0ZLcNUcAWCPAXLfj0EjBMOwCNcBGAsYHQ/s720/131931718_238919234290473_3071767872715758116_n.jpg"
    },
     {
	"teks": " *MemeIndo* ",
	"image": "https://1.bp.blogspot.com/-UgflBas0gtM/X93Qpbw4OGI/AAAAAAAAVCk/OUwBy_W4tnokWNmMEliqVhJbDWM9dTDsACNcBGAsYHQ/s720/131981986_238919284290468_8263218023072322314_n.jpg"
    },
     {
	"teks": " *MemeIndo* ",
	"image": "https://1.bp.blogspot.com/-GmbJahpvxJg/X93Q1qQdJvI/AAAAAAAAVFM/6tSsxyi7W-YkXfJJepI8jjHjB5boXLa-ACNcBGAsYHQ/s925/18157430_1229007300543866_5523675790968307756_n.png"
    },
     {
	"teks": " *MemeIndo* ",
	"image": "https://1.bp.blogspot.com/-E1k3prSv7WY/X93Q2LtyflI/AAAAAAAAVFQ/7wEj4eqHrAoskjS92psWGO9pGOndcGMYACNcBGAsYHQ/s671/18556248_1247133172064612_7474031265236881484_n.jpg"
    },
     {
	"teks": " *MemeIndo* ",
	"image": "https://1.bp.blogspot.com/-J87yVGToE5o/X93Q2hXFm1I/AAAAAAAAVFY/kyyiwqURCvQDczwMayBVYSrFUgw7uj5xACNcBGAsYHQ/s480/20842028_1338848732893055_2812086881473138552_n.jpg"
    },
     {
	"teks": " *MemeIndo* ",
	"image": "https://1.bp.blogspot.com/-pTfsfKul9n8/X93Q28GWEGI/AAAAAAAAVFc/ZI3N4lsQtMAGDfTDvBqu0FANTbeYCQshgCNcBGAsYHQ/s709/21371256_1360674770710451_2048797506925823457_n.jpg"
    },

    {
	"teks": " *MemeIndo* ",
	"image": "https://1.bp.blogspot.com/-R4_oyKjz_P8/X93Q3Jbkr7I/AAAAAAAAVFg/qByrTfQpn78ZRPF9BMhbHu5QsGFQgortgCNcBGAsYHQ/s720/34963387_1639348489509743_470861396419018752_n.jpg"
    },
    {
	"teks": " *MemeIndo* ",
	"image": "https://1.bp.blogspot.com/-Dg_TlXBT_d8/X93Q3W2SwuI/AAAAAAAAVFk/y7aeoOK299kP5nmfB8WoXvBQDPE9XUHAgCNcBGAsYHQ/s255/90745616_2826338084144105_1582360814789066752_n.jpg"
    },
     {
	"teks": " *MemeIndo* ",
	"image": "https://1.bp.blogspot.com/-p1pN5ZpES04/X93Q3tYmZqI/AAAAAAAAVFo/McVDxYZnTBsLC6b1hPgtGNS81jKRHoleACNcBGAsYHQ/s1172/91179550_2824447157666531_177353441763393536_o.jpg"
    },
     {
	"teks": " *MemeIndo* ",
	"image": "https://1.bp.blogspot.com/-0YHSHwciWmg/X93Q30ayPuI/AAAAAAAAVFs/Ay_kUt2triA1V8yjHJgkzseqof-AHWphACNcBGAsYHQ/s960/91185731_2823365397774707_4549985020764225536_n.jpg"
    },
     {
	"teks": " *MemeIndo* ",
	"image": "https://1.bp.blogspot.com/-wX2cQ6xeE40/X93Q4CqWQ4I/AAAAAAAAVFw/1GF23ObXhDgQP7MOLj-lyX-iV0EWOuGsQCNcBGAsYHQ/s474/91561487_2832104430234137_8420798127048491008_n.jpg"
    },
     {
	"teks": " *MemeIndo* ",
	"image": "https://1.bp.blogspot.com/-RV3B2mT5WRc/X93Q4TiYTPI/AAAAAAAAVF0/ZY2r1-yDamwivRdXUDahHZqG3Cm0pc1AgCNcBGAsYHQ/s750/91820187_2840145912763322_3091163017484697600_n.jpg"
    },
     {
	"teks": " *MemeIndo* ",
	"image": "https://1.bp.blogspot.com/-UFK6DIlDCZU/X93Q4zS9dJI/AAAAAAAAVF8/SY-C7Kef2X888WUgV60Y9kn4gX1WExiYQCNcBGAsYHQ/s712/92020184_2829077293870184_7605681959255146496_n.jpg"
    },

    {
	"teks": " *MemeIndo* ",
	"image": "https://1.bp.blogspot.com/-8FyvTcp2q20/X93Q5XZ1PpI/AAAAAAAAVGA/LkWeMDa3cG4LVKlGXWOVnU6PruRj08jgwCNcBGAsYHQ/s1250/92240630_2836578229786757_4242973487066513408_o.jpg"
    },
    {
	"teks": " *MemeIndo* ",
	"image": "https://1.bp.blogspot.com/-r2hKh_vgRzg/X93QwMhAJbI/AAAAAAAAVEE/bA8uvcl1CMk_zvozUmD74fZiwuvVajXZgCNcBGAsYHQ/s1280/118963346_3268571593254083_3932420518521380376_o.jpg"
    },
     {
	"teks": " *MemeIndo* ",
	"image": "https://1.bp.blogspot.com/-PG_h84pU0zY/X93QwY8duAI/AAAAAAAAVEI/fTgJ43CeN4Qk-m8hDClV0Lo3L0bL-7t9ACNcBGAsYHQ/s960/119000591_3274539065990669_6673004051458275464_n.jpg"
    },
     {
	"teks": " *MemeIndo* ",
	"image": "https://1.bp.blogspot.com/-Y3cIEwE4x4U/X93Qw3786tI/AAAAAAAAVEM/mjZ9LCAVmU0SSu9n3fvmdsp7WuL7UFzAQCNcBGAsYHQ/s2048/119003671_3270161003095142_3811386806650854310_o.jpg"
    },
     {
	"teks": " *MemeIndo* ",
	"image": "https://1.bp.blogspot.com/-7VFmcXJecfE/X93Qw0HD95I/AAAAAAAAVEQ/JtRWwvU1bOU7MK1DJJWcXrMCyYBTYnlcwCNcBGAsYHQ/s720/119202807_3290808154363760_702451683531138017_n.jpg"
    },
     {
	"teks": " *MemeIndo* ",
	"image": "https://1.bp.blogspot.com/--uZSGInwkng/X93QxUsaPOI/AAAAAAAAVEU/nUJPmVFy4VoeXXJIcKhtzi2tzHG_n_E9ACNcBGAsYHQ/s526/119226973_3290816164362959_638400014115864264_o.jpg"
    },
     {
	"teks": " *MemeIndo* ",
	"image": "https://1.bp.blogspot.com/-x1aKQ1Gn07Q/X93QyNIQzMI/AAAAAAAAVEg/QK6e4tqhAXMxbbNOij-D2iVwkNvvC5qKwCNcBGAsYHQ/s526/126166112_3477590009018906_4428722170183525586_n.jpg"
    },

    {
	"teks": " *MemeIndo* ",
	"image": "https://1.bp.blogspot.com/-oRmZZV9fY1M/X93QzD_gabI/AAAAAAAAVEo/80eWwD23a_wYMxcOSdk5D67IToue1_32QCNcBGAsYHQ/s900/127010262_3494225337355373_951791780188363080_n.jpg"
    },
	 {
	"teks": " *MemeIndo* ",
	"image": "https://1.bp.blogspot.com/-cuoCqoMIvbI/X93QzUf-ffI/AAAAAAAAVEs/sXzhmbxbSuIa42Ee7d7HvBllhvmYsnj1gCNcBGAsYHQ/s640/129201479_3522177564560150_3377835013434034739_o.jpg"
    },
     {
	"teks": " *MemeIndo* ",
	"image": "https://1.bp.blogspot.com/-S3MB1tzFjFw/X93Qzis19zI/AAAAAAAAVEw/E_KIPOXP0vgz1ONHvn3SHTcYu4ZcE7rlwCNcBGAsYHQ/s1440/130197941_3545752748869298_6372032974778956194_o.jpg"
    },
     {
	"teks": " *MemeIndo* ",
	"image": "https://1.bp.blogspot.com/-zyaHPxH49l4/X93Q0U0qeFI/AAAAAAAAVE4/ZCAs9-ADCFYX5ZVPnx08Om-nImTtw_iVgCNcBGAsYHQ/s748/130888287_3538816052896301_5515251223883754127_n.jpg"
    },
     {
	"teks": " *MemeIndo* ",
	"image": "https://1.bp.blogspot.com/-I5sq5I7aYlA/X93Q0tLrU-I/AAAAAAAAVE8/awfSDb8G3esAQwNiP4HNiLdcrvLfyhfawCNcBGAsYHQ/s828/131123327_905189573558257_5220055620161201781_n.jpg"
    },
     {
	"teks": " *MemeIndo* ",
	"image": "https://1.bp.blogspot.com/-yaD6aAjrxEs/X93Q053HqBI/AAAAAAAAVFA/RByccWdj62smoqOVm-SL-muxj8GxC6PLACNcBGAsYHQ/s720/131302958_2846769275601539_6845176375753981393_n.jpg"
    },
     {
	"teks": " *MemeIndo* ",
	"image": "https://1.bp.blogspot.com/-Dji3NeXKxhQ/X93Q1GPwSAI/AAAAAAAAVFE/Rncb3wflEU4foDRDDgdJ2JcirQpE6-2XQCNcBGAsYHQ/s783/131664286_5053177748040797_6193887633133449168_n.jpg"
    },
    {
	"teks": " *MemeIndo* ",
	"image": "https://1.bp.blogspot.com/-lLq0CTNABGs/X9zyxWyxp6I/AAAAAAAAUnE/zU75IEpRKYkdTfykKCcmcyf3kZTvgE60wCNcBGAsYHQ/s958/kwkwkwkwkw.jpg"
    },
     {
	"teks": " *MemeIndo* ",
	"image": "https://1.bp.blogspot.com/-Miq3wOvcLOs/X9zyxW5h8sI/AAAAAAAAUnI/BwT_KVry0tIiMKX-kRNwg48yOwOSoKgRACNcBGAsYHQ/s1014/meme.unfaedah_id_125495568_356616548768521_4639634172102376459_n.jpg"
    },
     {
	"teks": " *MemeIndo* ",
	"image": "https://1.bp.blogspot.com/-98gzDvVUNCA/X9zyxk-nmyI/AAAAAAAAUnM/8MWVuoxbQvAAqNyAVJ5iTnWfJJ-0XP6SwCNcBGAsYHQ/s735/meme.unfaedah_id_125508012_853962728682046_21425065463948179_n.jpg"
    },
     {
	"teks": " *MemeIndo* ",
	"image": "https://1.bp.blogspot.com/-ywn77yiz13s/X9zyyzfioJI/AAAAAAAAUnU/eMWuoHYkJmkMRoONAx__qxcicKG1tzceACNcBGAsYHQ/s740/meme.unfaedah_id_125891244_1048488945613791_7252578260648013048_n.jpg"
    },
     {
	"teks": " *MemeIndo* ",
	"image": "https://1.bp.blogspot.com/-9PzD6s7keaU/X9zyyzm7nBI/AAAAAAAAUnY/7ld-mSWSsD4Kri0XI4d6bDvSK00WKkN0QCNcBGAsYHQ/s749/meme.unfaedah_id_125915193_1002764596801019_6801017984197779342_n.jpg"
    },
     {
	"teks": " *MemeIndo* ",
	"image": "https://1.bp.blogspot.com/-ONzpf_OgdPs/X9zyzSEIHSI/AAAAAAAAUnc/wYJw-fYiepcgBim1tNO9e5He__41A2BXQCNcBGAsYHQ/s752/meme.unfaedah_id_126161639_106244984570944_1075438135773348298_n.jpg"
    },

    {
	"teks": " *MemeIndo* ",
	"image": "https://1.bp.blogspot.com/-9X9QlyV6bZA/X9zyzvDpUsI/AAAAAAAAUng/t1Cc3PJcbM0rSKt89KHRMIchIOH6KaQHQCNcBGAsYHQ/s733/meme.unfaedah_id_126313385_457458138570398_5693504246928215369_n.jpg"
    },
    {
	"teks": " *MemeIndo* ",
	"image": "https://1.bp.blogspot.com/-ixQhzNAfaeg/X9zyz2G2LKI/AAAAAAAAUno/_xZA76cQi0AuCuTZaC56VF2Ip1hFhi8JQCNcBGAsYHQ/s883/meme.unfaedah_id_126327198_709970983057895_1007072537138903129_n.jpg"
    },
     {
	"teks": " *MemeIndo* ",
	"image": "https://1.bp.blogspot.com/-dpI1eAk-zxk/X9zy0P7Fm6I/AAAAAAAAUns/c0179PYZCdwhmq91EgSR5V4n9m7OXnf9ACNcBGAsYHQ/s818/meme.unfaedah_id_126331340_191856039242759_2908664628808370253_n.jpg"
    },
     {
	"teks": " *MemeIndo* ",
	"image": "https://1.bp.blogspot.com/--h3OfW6BFMM/X9zy0q_YAwI/AAAAAAAAUn0/KYxk3Puc2Ek7_PEfj7a-ZII3CgrIyvcWwCNcBGAsYHQ/s1150/meme.unfaedah_id_126405292_126078035760162_237195095164119137_n.jpg"
    },
     {
	"teks": " *MemeIndo* ",
	"image": "https://1.bp.blogspot.com/--h3OfW6BFMM/X9zy0q_YAwI/AAAAAAAAUn0/KYxk3Puc2Ek7_PEfj7a-ZII3CgrIyvcWwCNcBGAsYHQ/s1150/meme.unfaedah_id_126405292_126078035760162_237195095164119137_n.jpg"
    },
     {
	"teks": " *MemeIndo* ",
	"image": "https://1.bp.blogspot.com/-o27vlfY5B-s/X9zy1cNpn5I/AAAAAAAAUn4/jsTU962jGd4SzuJXMR1gph6sttioibc1QCNcBGAsYHQ/s810/meme.unfaedah_id_127339029_409184650432548_4800144896860598148_n.jpg"
    },
     {
	"teks": " *MemeIndo* ",
	"image": "https://1.bp.blogspot.com/-Qwiva6jjAU4/X9zy1x0KMBI/AAAAAAAAUn8/6AwWWWtkR7kIrMoKFEIN5erDavbKp196ACNcBGAsYHQ/s1100/meme.unfaedah_id_128222931_3715413645175469_9127953456195908916_n%2B%25281%2529.jpg"
    },

    {
	"teks": " *MemeIndo* ",
	"image": "https://1.bp.blogspot.com/-n0HZngCAEKg/X9zy3Esc0jI/AAAAAAAAUoE/S_4kWUQ1xkERi59kpDpYYsfuRT-zpf4qQCNcBGAsYHQ/s1171/meme.unfaedah_id_128389433_1096400204121824_5649775706427393668_n.jpg"
    },
    {
	"teks": " *MemeIndo* ",
	"image": "https://1.bp.blogspot.com/-83324p4WTzI/X9zy3dQiwlI/AAAAAAAAUoI/paNEWZuWVhYdzQIahCI1D1bY9DK6LW7PgCNcBGAsYHQ/s1165/meme.unfaedah_id_128506722_1148949025540004_4077926813879782009_n.jpg"
    },
     {
	"teks": " *MemeIndo* ",
	"image": "https://1.bp.blogspot.com/-FgS9m_fUpIg/X9zy3aBBzmI/AAAAAAAAUoM/fAoqlPJckvE8mR7lDmPQ7okhKNhQ9IYUwCNcBGAsYHQ/s775/meme.unfaedah_id_128543309_142392210966616_4913669136100323949_n.jpg"
    },
     {
	"teks": " *MemeIndo* ",
	"image": "https://1.bp.blogspot.com/-tQmxcdSrckM/X9zy3_hm_LI/AAAAAAAAUoQ/vkjg4MAu4lUYC9vwuQgRcWegyQRxBKi1wCNcBGAsYHQ/s725/meme.unfaedah_id_128836760_687180305521977_9209097320170117923_n.jpg"
    },
     {
	"teks": " *MemeIndo* ",
	"image": "https://1.bp.blogspot.com/-Rkx_J_b4E3U/X9zy4PsIv5I/AAAAAAAAUoU/6WWPnNcMSyIS5SOy_RXieDQTkqj_wkJ-ACNcBGAsYHQ/s1095/meme.unfaedah_id_129034053_708174283427013_2446200544543859016_n.jpg"
    },
     {
	"teks": " *MemeIndo* ",
	"image": "https://1.bp.blogspot.com/-UndyG8dXRSw/X9zy4YWWdXI/AAAAAAAAUoY/s4kdrWdJN8kI0OxxxmXXSjEvV6B_crq4QCNcBGAsYHQ/s743/meme.unfaedah_id_129153406_1034573650287792_8020605644819581757_n.jpg"
    },
     {
	"teks": " *MemeIndo* ",
	"image": "https://1.bp.blogspot.com/-qnykeQoqapA/X9zy4-1gU_I/AAAAAAAAUoc/YBA5lCxdX0A5Ky-vSRY-oJ7tZkZlah6VgCNcBGAsYHQ/s727/meme.unfaedah_id_129685737_432275327942870_7250543328743407284_n.jpg"
    },

    {
	"teks": " *MemeIndo* ",
	"image": "https://1.bp.blogspot.com/-n9TGD_3PS5A/X9zy4-tfIMI/AAAAAAAAUog/qVNs6-FQ7vk_6ixAZ_Yq05pPN-3-Os6lACNcBGAsYHQ/s729/meme.unfaedah_id_130077764_4780340768703112_36305252328704996_n.jpg"
    },
	 {
	"teks": " *MemeIndo* ",
	"image": "https://1.bp.blogspot.com/-_rt_6ZUAiOA/X9zy5Mg3VdI/AAAAAAAAUok/ECQ8fsaHqWkwqqsE8y1mPRbHI7cnMXQqwCNcBGAsYHQ/s693/meme.unfaedah_id_131342735_208788070730786_8076608420940655927_n.jpg"
    },
     {
	"teks": " *MemeIndo* ",
	"image": "https://1.bp.blogspot.com/-gXr2Yua_RAg/X9zy5ho2OiI/AAAAAAAAUoo/iXuLk4S0BJsJRBItwDRS9WXJsRdVbL6UACNcBGAsYHQ/s1350/meme_indonesia_gokil_125339651_988411444979691_536925543904036862_n.jpg"
    },
     {
	"teks": " *MemeIndo* ",
	"image": "https://1.bp.blogspot.com/-LFUDbfAndQc/X9zy5wix9sI/AAAAAAAAUos/dc_TFiax5rogIgq_zm9mCHKuwVwOwgeqgCNcBGAsYHQ/s1080/meme_indonesia_gokil_125830873_413767553302112_7268427971937800700_n.jpg"
    },
     {
	"teks": " *MemeIndo* ",
	"image": "https://1.bp.blogspot.com/-jr-w5dF4a08/X9zy6PxKNTI/AAAAAAAAUow/IPaeDQ9JSOIKa0dcR08oJOKFH--fMb0nACNcBGAsYHQ/s1080/meme_indonesia_gokil_125948896_3680632615321907_3069284609731844473_n.jpg"
    },
     {
	"teks": " *MemeIndo* ",
	"image": "https://1.bp.blogspot.com/-gnygd1s8XNE/X9zy6r9oX6I/AAAAAAAAUo0/_PWVBpKuYUgwNKqRxNb77-JacKddpF1TwCNcBGAsYHQ/s1278/meme_indonesia_gokil_126009218_614857575929629_739748424462377451_n.jpg"
    },
     {
	"teks": " *MemeIndo* ",
	"image": "https://1.bp.blogspot.com/-ShuNAjUvp4s/X9zy6n1L25I/AAAAAAAAUo4/J3-igngQxpI_yGcGTtdMdC2awqYtOvbtwCNcBGAsYHQ/s1080/meme_indonesia_gokil_126094105_719825425291993_7167247678914404400_n.jpg"
    },
    {
	"teks": " *MemeIndo* ",
	"image": "https://1.bp.blogspot.com/-gTq1XgDTWPw/X9zy65vfUzI/AAAAAAAAUo8/R-tL3VbNqa413NK0FhB9C-aU-NGJ1xOswCNcBGAsYHQ/s1105/meme_indonesia_gokil_126201593_221063899391057_4914388757606287563_n%2B%25281%2529.jpg"
    },
     {
	"teks": " *MemeIndo* ",
	"image": "https://1.bp.blogspot.com/-5xKfn4n5bbY/X9zy7uRqiNI/AAAAAAAAUpE/z9XnCnPt8touqqmlIYllYon3pNLZ_dMHACNcBGAsYHQ/s1015/meme_indonesia_gokil_127171321_2635948643382626_5416559689737455584_n.jpg"
    },
     {
	"teks": " *MemeIndo* ",
	"image": "https://1.bp.blogspot.com/-jFtdT0mPC3Y/X9zy8WYf5OI/AAAAAAAAUpM/J7ygsFRZ4f8KZ2NzzaNdMT0P3kYwId6EACNcBGAsYHQ/s1080/meme_indonesia_gokil_127250308_140102584137083_4095440005090217109_n.jpg"
    },
     {
	"teks": " *MemeIndo* ",
	"image": "https://1.bp.blogspot.com/-7FlO8MFZg3s/X9zy8oJ2c5I/AAAAAAAAUpQ/Z8SkBO4-us0yAYCbv0BY3h527eRv1GcOACNcBGAsYHQ/s1206/meme_indonesia_gokil_127373333_382282626423010_8896104086892978381_n%2B%25281%2529.jpg"
    },
     {
	"teks": " *MemeIndo* ",
	"image": "https://1.bp.blogspot.com/-ycx110VOeyk/X9zy9OGHlfI/AAAAAAAAUpY/X8Ue20fH3X0sVsXzue9EZnn-g9FdVx_6ACNcBGAsYHQ/s1166/meme_indonesia_gokil_127455470_129317005423107_4702097072821815226_n.jpg"
    },
     {
	"teks": " *MemeIndo* ",
	"image": "https://1.bp.blogspot.com/-TcBvwFOH58k/X9zy9kBU9lI/AAAAAAAAUpc/v2p5lp-1skQFX1EC9T-Xa9Lwy41qGUBPQCNcBGAsYHQ/s1080/meme_indonesia_gokil_127652157_1127802301008806_3617255153286525510_n.jpg"
    },

    {
	"teks": " *MemeIndo* ",
	"image": "https://1.bp.blogspot.com/-rkegEYJx4Mk/X9zy994aTqI/AAAAAAAAUpg/AypHGYsxCWcB-EPb58BccjgaPw1o0p6EACNcBGAsYHQ/s1080/meme_indonesia_gokil_127736289_397657517955832_3455448800049916726_n.jpg"
    },
    {
	"teks": " *MemeIndo* ",
	"image": "https://1.bp.blogspot.com/-xtHiv25aTJA/X9zy-C-ZmFI/AAAAAAAAUpk/Ag1wlQ34t84RV6IzNFDPcKPQj2SH8wxyQCNcBGAsYHQ/s1080/meme_indonesia_gokil_127774363_2119831654814281_4255738007490489224_n%2B%25281%2529.jpg"
    },
     {
	"teks": " *MemeIndo* ",
	"image": "https://1.bp.blogspot.com/-orE2MB8sfys/X9zy-7mdCaI/AAAAAAAAUps/SeUjjG5mWBUmnMzQ2ZQcxMAbCr-xoAd4QCNcBGAsYHQ/s1080/meme_indonesia_gokil_127805608_2814294625563262_743320395126368677_n%2B%25281%2529.jpg"
    },
     {
	"teks": " *MemeIndo* ",
	"image": "https://1.bp.blogspot.com/-omy4OZmW1gM/X9zy_U5VD6I/AAAAAAAAUp0/Ij6hEFc2RkEM2Qjuynvrz4dO8hKfAVbnACNcBGAsYHQ/s990/meme_indonesia_gokil_127824386_3725749040810880_3277012441525335954_n.jpg"
    },
     {
	"teks": " *MemeIndo* ",
	"image": "https://1.bp.blogspot.com/-FoZHBcm9MT4/X9zy_hno_-I/AAAAAAAAUp4/0KQDyzhRTjULac7LgfC0LWEOb_ykWD-6gCNcBGAsYHQ/s900/meme_indonesia_gokil_127957934_156157909592824_8548903245436487390_n.jpg"
    },
     {
	"teks": " *MemeIndo* ",
	"image": "https://1.bp.blogspot.com/-sq-rJxS7hMg/X9zy_yzh3HI/AAAAAAAAUp8/_oYHYXutXJUeR80M5FgJrgcxymZUCT1UQCNcBGAsYHQ/s796/meme_indonesia_gokil_127981225_876016109606179_6413580179891742656_n.jpg"
    },
     {
	"teks": " *MemeIndo* ",
	"image": "https://1.bp.blogspot.com/-36KPuOPA_RM/X9zzAcwlCjI/AAAAAAAAUqA/W8y2qbEB_K8IWKyj7u3gySBanF7pr4cRwCNcBGAsYHQ/s593/meme_indonesia_gokil_127996294_286927322761646_4202476882484366132_n.jpg"
    },

    {
	"teks": " *MemeIndo* ",
	"image": "https://1.bp.blogspot.com/-nYe1TDSRHQ4/X9zzAvU8AbI/AAAAAAAAUqE/iVNMahJ221QccKhKhCF6Vj4G7k_f2robACNcBGAsYHQ/s1080/meme_indonesia_gokil_128085053_1401408073529860_4139342785714518075_n%2B%25281%2529.jpg"
    },
    {
	"teks": " *MemeIndo* ",
	"image": "https://1.bp.blogspot.com/-zEbdMCSvKh0/X9zzBU8PyLI/AAAAAAAAUqM/z-0jsGKlw-sokGGDtaxjRUSWr58vyPrTQCNcBGAsYHQ/s1127/meme_indonesia_gokil_128207191_781704682408987_6050666859161036603_n.jpg"
    },
     {
	"teks": " *MemeIndo* ",
	"image": "https://1.bp.blogspot.com/-iQTuS_Lgb7A/X9zzB6CfjNI/AAAAAAAAUqQ/MJ4WXGHWbO8JNY7VQ_KXakeuOiSYs-YpQCNcBGAsYHQ/s951/meme_indonesia_gokil_128459666_429312314910534_5030771827923681738_n.jpg"
    },
     {
	"teks": " *MemeIndo* ",
	"image": "https://1.bp.blogspot.com/-Pwy_vwbjcL0/X9zzBzANxwI/AAAAAAAAUqU/j2RRfDB7NcUJlvj-G4dO1kk4KFsRZZJMQCNcBGAsYHQ/s859/meme_indonesia_gokil_128512080_819899998786905_1789180544921453302_n.jpg"
    },
     {
	"teks": " *MemeIndo* ",
	"image": "https://1.bp.blogspot.com/-NPasPLaWaEs/X9zzCOqwdtI/AAAAAAAAUqY/G2kvj3J5NYYYiRrxPPsVghQJPtSdXPxlACNcBGAsYHQ/s1080/meme_indonesia_gokil_128642361_141670481076805_6179101312316254896_n.jpg"
    },
     {
	"teks": " *MemeIndo* ",
	"image": "https://1.bp.blogspot.com/-oM2nWYBqGyc/X9zzC_yvDWI/AAAAAAAAUqc/jyQehinJLuc2450iPtofVpRa1vcc1dsLgCNcBGAsYHQ/s995/meme_indonesia_gokil_128688092_133414624974923_6214767281287864855_n.jpg"
    },
     {
	"teks": " *MemeIndo* ",
	"image": "https://1.bp.blogspot.com/-TVj9gFySJ0A/X9zzC8UZCII/AAAAAAAAUqg/4cQ2Ai7b-Ww-FPDmZMCIigMDlZwFN9a-gCNcBGAsYHQ/s1080/meme_indonesia_gokil_128704397_380308066392533_5740042228096312893_n.jpg"
    },

    {
	"teks": " *MemeIndo* ",
	"image": "https://1.bp.blogspot.com/-P1k8hSXeQb4/X9zzDCaiRfI/AAAAAAAAUqk/yQXXlQNPr34tNx_RGVMw67533k4nrjrqACNcBGAsYHQ/s1350/meme_indonesia_gokil_128858286_114048597198758_2539191216986832714_n.jpg"
    },
	 {
	"teks": " *MemeIndo* ",
	"image": "https://1.bp.blogspot.com/-YLA4ITS-rTk/X9zzDunoXTI/AAAAAAAAUqo/0SgFq31DmL0IepI7GtkNywe_EL_eEBiNgCNcBGAsYHQ/s1080/meme_indonesia_gokil_128873384_1330013410687142_5160049026396709303_n.jpg"
    },
     {
	"teks": " *MemeIndo* ",
	"image": "https://1.bp.blogspot.com/-FPXjgupipZM/X9zzEGOf8pI/AAAAAAAAUqw/sDYAwi5U3u4HNoGkMKnTtOYJ-SKvb1mxACNcBGAsYHQ/s886/meme_indonesia_gokil_129062871_679198835932733_6490497312766350674_n.jpg"
    },
     {
	"teks": " *MemeIndo* ",
	"image": "https://1.bp.blogspot.com/-IcU4cuMVGRw/X9zzEbsmHLI/AAAAAAAAUq0/c1TnZw2aVZ4RvZ-Yzozv9cBQ5VDusJsLgCNcBGAsYHQ/s1080/meme_indonesia_gokil_129204467_121273393130527_7613972328780005502_n.jpg"
    },
     {
	"teks": " *MemeIndo* ",
	"image": "https://1.bp.blogspot.com/-kZXTPHSQMPI/X9zzE2dS0EI/AAAAAAAAUq8/dqabk3F0VFAYosunLpLx6_rZjwQQyrSiACNcBGAsYHQ/s1080/meme_indonesia_gokil_129260157_759785194882349_1225543314990594777_n.jpg"
    },
     {
	"teks": " *MemeIndo* ",
	"image": "https://1.bp.blogspot.com/-uwzut8I-cJE/X9zzFfH61YI/AAAAAAAAUrA/rcr3N6L8SdInllFbPwKAOsVYmWXXtX4hACNcBGAsYHQ/s774/meme_indonesia_gokil_129323148_1750937145071580_1959915178878134279_n.jpg"
    },
     {
	"teks": " *MemeIndo* ",
	"image": "https://1.bp.blogspot.com/-y0MUukbZsyQ/X9zzF8q4BrI/AAAAAAAAUrM/rZ5Yl9-O-600Bbu4qTD3yURHLkWtirGfwCNcBGAsYHQ/s1076/meme_indonesia_gokil_129403810_696099237776013_8898191728466899193_n.jpg"
    },
    {
	"teks": " *MemeIndo* ",
	"image": "https://1.bp.blogspot.com/-BEPN9grLd6E/X9zzGKFUUlI/AAAAAAAAUrQ/cNoBkdkzQpU7SLN2ei9Y3c9J-GxSpqeUQCNcBGAsYHQ/s1080/meme_indonesia_gokil_129418580_719119698697753_7717532926534882786_n.jpg"
    },
     {
	"teks": " *MemeIndo* ",
	"image": "https://1.bp.blogspot.com/-lPqx773SujY/X9zzGY4LhuI/AAAAAAAAUrU/yikhqT0272IVtawk1eqEjEfM0dqEd8pPACNcBGAsYHQ/s1080/meme_indonesia_gokil_129425399_229365008586363_8237262149894203299_n.jpg"
    },
     {
	"teks": " *MemeIndo* ",
	"image": "https://1.bp.blogspot.com/-exsioGTC2jU/X9zzIEfC68I/AAAAAAAAUrc/o6Ok7UF1PBQHH8VDy0z-DsJ-HAu0DyzMQCNcBGAsYHQ/s1227/meme_indonesia_gokil_129436978_182878403507173_3366309129421806068_n.jpg"
    },
     {
	"teks": " *MemeIndo* ",
	"image": "https://1.bp.blogspot.com/-O6DUIAqsdPo/X9zzILYoh7I/AAAAAAAAUrg/Pmsg-vY0rsoIFf9-5QSDRiqhnfrI-PtPACNcBGAsYHQ/s1080/meme_indonesia_gokil_129678736_188804632895705_7868041306079313085_n.jpg"
    },
     {
	"teks": " *MemeIndo* ",
	"image": "https://1.bp.blogspot.com/-bjgr1ghVpyg/X9zzIu02HhI/AAAAAAAAUrk/s3XfXG7pRj8xuDsudfUUa-7Zi7SfM8dgACNcBGAsYHQ/s841/meme_indonesia_gokil_129700410_178731207297655_6678606261652972660_n.jpg"
    },
     {
	"teks": " *MemeIndo* ",
	"image": "https://1.bp.blogspot.com/-iwo9TKg5hQw/X9zzIwY-KtI/AAAAAAAAUro/yDAoxb4xyxIy_wR8PFXRUlNRuQ-VQSJjACNcBGAsYHQ/s1350/meme_indonesia_gokil_129715865_785723555341056_9127484142898098323_n.jpg"
    },

    {
	"teks": " *MemeIndo* ",
	"image": "https://1.bp.blogspot.com/-NEXI8U8mqr0/X9zzJHZknNI/AAAAAAAAUrs/IRRWoFRchDw0Toz7ioo-m-EUdUy83Q1MQCNcBGAsYHQ/s1236/meme_indonesia_gokil_129718422_838281047007163_5601146642831108324_n.jpg"
    },
    {
	"teks": " *MemeIndo* ",
	"image": "https://1.bp.blogspot.com/-VU69N0Ym5tA/X9zzJtIA_7I/AAAAAAAAUr0/x_THKg6SZscRXOWZ1YMsCtiqSqVmDUQ3wCNcBGAsYHQ/s921/meme_indonesia_gokil_129724120_387905149297957_5689917313809012671_n.jpg"
    },
     {
	"teks": " *MemeIndo* ",
	"image": "https://1.bp.blogspot.com/-HUoNZqF-Ajw/X9zzJ4bLLXI/AAAAAAAAUr4/VPNwimxi9skcUfBPVt2tp1WGGyplbs6xwCNcBGAsYHQ/s750/meme_indonesia_gokil_129726274_674574246473689_38270055076361596_n.jpg"
    },
     {
	"teks": " *MemeIndo* ",
	"image": "https://1.bp.blogspot.com/-YraGMmU83mU/X9zzJ7V7CCI/AAAAAAAAUr8/lgPgPCj9wA4Sv7D6XQXjibsgcHiHl0yBQCNcBGAsYHQ/s1231/meme_indonesia_gokil_129729291_394656041987456_6666663305772374996_n.jpg"
    },
     {
	"teks": " *MemeIndo* ",
	"image": "https://1.bp.blogspot.com/-BK0wpmilne0/X9zzKTXZCrI/AAAAAAAAUsE/tqabTiYaf5kPqJNtk7PdZKYW8i6pcW8rQCNcBGAsYHQ/s1350/meme_indonesia_gokil_129735551_1306165746412948_3110699084769489710_n.jpg"
    },
     {
	"teks": " *MemeIndo* ",
	"image": "https://1.bp.blogspot.com/-vBOtayoX30g/X9zzKqqmrkI/AAAAAAAAUsI/LlDFgFJvIx8lgzw4kvE0pnqLFicAxpmVACNcBGAsYHQ/s1080/meme_indonesia_gokil_129738105_728198638078977_6277958701969986622_n.jpg"
    },
     {
	"teks": " *MemeIndo* ",
	"image": "https://1.bp.blogspot.com/-LRx1TZNCkt0/X9zzK1MMmKI/AAAAAAAAUsM/JMgI0qW4eGYuOf8UMy692mH-x8DLRJ4YQCNcBGAsYHQ/s1080/meme_indonesia_gokil_129739543_133708788516756_6087663626411428376_n.jpg"
    },

    {
	"teks": " *MemeIndo* ",
	"image": "https://1.bp.blogspot.com/-g_FJZ1wGIjM/X9zzLQznvwI/AAAAAAAAUsQ/SfvvR7u07k0qFuccbopn7QzQYVjEShKvACNcBGAsYHQ/s1080/meme_indonesia_gokil_129752955_767614500487324_1813647431940790955_n.jpg"
    },
    {
	"teks": " *MemeIndo* ",
	"image": "https://1.bp.blogspot.com/-n9FD1sGiHuQ/X9zzLrIxrzI/AAAAAAAAUsU/M9I8HSSQW6AafDxDo30i5L3YaOoUm80qgCNcBGAsYHQ/s1100/meme_indonesia_gokil_129758591_433422968024154_6947859647234768814_n.jpg"
    },
     {
	"teks": " *MemeIndo* ",
	"image": "https://1.bp.blogspot.com/-lTey211g1HE/X9zzLrwudLI/AAAAAAAAUsY/XOYTNTL8cr0jHdQLg9ooJ4x6owjdsz-XgCNcBGAsYHQ/s1080/meme_indonesia_gokil_129761592_867273314048986_501117630445082124_n.jpg"
    },
     {
	"teks": " *MemeIndo* ",
	"image": "https://1.bp.blogspot.com/-ZgVqgNslD_Y/X9zzMCi8uCI/AAAAAAAAUsc/3imhGerelH0fWIqgEbPvtK_9OKefJn7fgCNcBGAsYHQ/s1080/meme_indonesia_gokil_129766749_1076851832778431_6524445069468183961_n.jpg"
    },
     {
	"teks": " *MemeIndo* ",
	"image": "https://1.bp.blogspot.com/-KkWYl8YAyKg/X9zzMbuneeI/AAAAAAAAUsg/hpN8po-boB8lqQZgwI43VGiVOsHIhUMvACNcBGAsYHQ/s1350/meme_indonesia_gokil_129774024_497144171248975_4205908122461147487_n.jpg"
    },
     {
	"teks": " *MemeIndo* ",
	"image": "https://1.bp.blogspot.com/-x7vtOpxYh0A/X9zzMvFd7SI/AAAAAAAAUsk/EHgFEDU0VG0zJWTRLJrTIgdG0WSF5iKugCNcBGAsYHQ/s1212/meme_indonesia_gokil_129774979_1393584604182670_5285683459079766021_n.jpg"
    },
     {
	"teks": " *MemeIndo* ",
	"image": "https://1.bp.blogspot.com/-a7mUNc4X6Qo/X9zzM8NpReI/AAAAAAAAUso/3g-hTjyU7UIrb9Lz4CjXj-BsgN7NxekoQCNcBGAsYHQ/s1080/meme_indonesia_gokil_129790303_393844288599083_2721801548829054554_n.jpg"
    },

    {
	"teks": " *MemeIndo* ",
	"image": "https://1.bp.blogspot.com/-CRRAlXzQMxI/X9zzOU5NBOI/AAAAAAAAUs8/WtgkqD6-tZYTRNOsa_bpTFjJsm-UK5CPACNcBGAsYHQ/s1080/meme_indonesia_gokil_130260315_423446952019950_4560980746079535333_n.jpg"
    },
	 {
	"teks": " *MemeIndo* ",
	"image": "https://1.bp.blogspot.com/-LgmXEs4wdr4/X9zzPuJ9JKI/AAAAAAAAUtQ/N8DBtv_XPnE8Go7M4hBUfMYUpq9bChY9ACNcBGAsYHQ/s1080/meme_indonesia_gokil_130305872_390323405571429_2976544816514767931_n.jpg"
    },
     {
	"teks": " *MemeIndo* ",
	"image": "https://1.bp.blogspot.com/-51gnb9IYC4I/X9zzP6K9UhI/AAAAAAAAUtU/wwdEE-GijP4PdYWk-FwK3_CQY9huG0emgCNcBGAsYHQ/s1350/meme_indonesia_gokil_130368793_5428757020483446_7419545603839635923_n.jpg"
    },
     {
	"teks": " *MemeIndo* ",
	"image": "https://1.bp.blogspot.com/-LDj7bNXO4-w/X9zzRSJSrCI/AAAAAAAAUtc/K0957IX7-DYHoc1nJSUx59LnyHvDCKOOACNcBGAsYHQ/s799/meme_indonesia_gokil_130438210_2820290671540286_97574397649557595_n.jpg"
    },
     {
	"teks": " *MemeIndo* ",
	"image": "https://1.bp.blogspot.com/-fPScb2pdxuk/X9zzRrHbC9I/AAAAAAAAUtg/UK5N7jkCKIIDhQULMsSiHicgWI8NEz8AgCNcBGAsYHQ/s1080/meme_indonesia_gokil_130445781_799670477264389_5080893806973000827_n.jpg"
    },
     {
	"teks": " *MemeIndo* ",
	"image": "https://1.bp.blogspot.com/-tEQEPaHOMjc/X9zzR52Ru-I/AAAAAAAAUtk/S4m4lhHKOw4s5-bgcZ0lvOYoYSWdcPyVgCNcBGAsYHQ/s700/meme_indonesia_gokil_130466833_325993311706502_1670391362261003621_n.jpg"
    },
     {
	"teks": " *MemeIndo* ",
	"image": "https://1.bp.blogspot.com/-8Vyz-X8BEAw/X9zzSPe-zYI/AAAAAAAAUto/5Dw0iKGAwxwIp-24no3qPLvXlM_hy24GQCNcBGAsYHQ/s1210/meme_indonesia_gokil_130529801_191129182651616_1600810631442923108_n.jpg"
    },
	{
	"teks": " *MemeIndo* ",
	"image": "https://1.bp.blogspot.com/-ZQRLQGOoVBM/X9zzTsYKarI/AAAAAAAAUuA/iC0LW0jiwlsfqv3o4PjgqX6GhfeIBr4vgCNcBGAsYHQ/s1080/meme_indonesia_gokil_130683897_3511825275708631_7955364502172309186_n.jpg"
    },
     {
	"teks": " *MemeIndo* ",
	"image": "https://1.bp.blogspot.com/-JCnUp24lRgE/X9zzUJkToFI/AAAAAAAAUuU/OrRP-lHmD58PdvIAKaz7o5p3zbSGiFgmQCNcBGAsYHQ/s1240/meme_indonesia_gokil_130708181_2852530195036366_4450184006751945054_n.jpg"
    },
     {
	"teks": " *MemeIndo* ",
	"image": "https://1.bp.blogspot.com/-mJZEUlDBJhQ/X9zzVE3LndI/AAAAAAAAUuc/R1bUUAmuXK02QD_CxbVv37ZCaQiaL7nrgCNcBGAsYHQ/s1080/meme_indonesia_gokil_130748731_849220972556543_2851465324548326904_n.jpg"
    },
     {
	"teks": " *MemeIndo* ",
	"image": "https://1.bp.blogspot.com/-7WNonSxNDEo/X9zzWG5ABRI/AAAAAAAAUug/ihixcs2WV-sBOnqGL4Q0jzManvvumz_uQCNcBGAsYHQ/s1350/meme_indonesia_gokil_130768303_815153809330316_442805975717071731_n.jpg"
    },
     {
	"teks": " *MemeIndo* ",
	"image": "https://1.bp.blogspot.com/-FBqTnuxrPUg/X9zzW9Sl6HI/AAAAAAAAUu0/hULRfhcNq5ksSPyCytZe8UJupV2vItqdACNcBGAsYHQ/s1080/meme_indonesia_gokil_130797433_971036376760012_3236985177135961486_n.jpg"
    },
     {
	"teks": " *MemeIndo* ",
	"image": "https://1.bp.blogspot.com/-dHDtc0NymAo/X9zzX99CK9I/AAAAAAAAUu4/qQTtb5YTgroAPsicMHdAXRZzuocO4tmsgCNcBGAsYHQ/s1350/meme_indonesia_gokil_130828174_180415000428142_5622850116104625432_n.jpg"
    },

    {
	"teks": " *MemeIndo* ",
	"image": "https://1.bp.blogspot.com/-UiIWZOaNGWM/X9zzYQW4hdI/AAAAAAAAUvA/tdOb4-92ddoLjdfjNiI4eZSoI5080qRxQCNcBGAsYHQ/s1350/meme_indonesia_gokil_130866800_451451495845939_8930999236920522751_n.jpg"
    },
    {
	"teks": " *MemeIndo* ",
	"image": "https://1.bp.blogspot.com/-kgr2Yf3qwl4/X9zzYkBH34I/AAAAAAAAUvE/xr5J4TWwlGEgbFGu007i9scaEI5ib-rXACNcBGAsYHQ/s1080/meme_indonesia_gokil_130909003_1832085073597312_4923355133646607425_n.jpg"
    },
     {
	"teks": " *MemeIndo* ",
	"image": "https://1.bp.blogspot.com/-VkT8xm3oLQU/X9zzY1aeo4I/AAAAAAAAUvM/irKmNKnFgjcswJbV2NvtbfWxxUphjc3uQCNcBGAsYHQ/s1350/meme_indonesia_gokil_131005403_1728067020692724_5076476544165552111_n.jpg"
    },
     {
	"teks": " *MemeIndo* ",
	"image": "https://1.bp.blogspot.com/-hYKR0NS1Lnc/X9zzZoVYpbI/AAAAAAAAUvc/tGNUHr8d_yUSzS-1fTZ3obG7jXFiZuSZACNcBGAsYHQ/s1301/meme_indonesia_gokil_131192206_391084128986261_997471910764791586_n.jpg"
    },
     {
	"teks": " *MemeIndo* ",
	"image": "https://1.bp.blogspot.com/-_mBOB_cz_AA/X9zzcQUB_XI/AAAAAAAAUvw/32FhnVjaORYkjlrT6mndUMno0C6YLtBEQCNcBGAsYHQ/s627/meme_indonesia_gokil_131292488_2998375510390041_3857253593372012112_n.jpg"
    },
    {
	"teks": " *MemeIndo* ",
	"image": "https://1.bp.blogspot.com/-ihP-XNo8KvY/X75CUQwlKYI/AAAAAAAAAHw/9PsQImFoYK0Gki00WxidxwUXi5L4SfzJACLcBGAsYHQ/s600/meme.unfaedah_id_118708063_612235112793570_2041755732456589461_n.jpg"
    },
    {
	"teks": " *MemeIndo* ",
	"image": "https://1.bp.blogspot.com/-W_J0ThOr5ys/X75CUaWFgvI/AAAAAAAAAH0/0FldSBE3EDk9m7sAOsc0j6VkHXh4Al7nACLcBGAsYHQ/s600/meme.unfaedah_id_118711327_198548391655677_4436402459392245219_n.jpg"
    },
    {
	"teks": " *MemeIndo* ",
	"image": "https://1.bp.blogspot.com/-KNLMJNRFjkY/X75CUtG7jeI/AAAAAAAAAH4/nMghAf6y42gq3OgaJE2ovcCg_I21oPpwgCLcBGAsYHQ/s600/meme.unfaedah_id_118728324_371208040938732_6465982125805143014_n.jpg"
    },
    {
	"teks": " *MemeIndo* ",
	"image": "https://1.bp.blogspot.com/-LSLKRVkYvi4/X75CU9Xg_ZI/AAAAAAAAAH8/1fJH50TDWb4JALWHmJ9hGu0pRKh5f162QCLcBGAsYHQ/s600/meme.unfaedah_id_118738422_3451936068183050_1141064510691626236_n.jpg"
    },
    {
	"teks": " *MemeIndo* ",
	"image": "https://1.bp.blogspot.com/-CwmBBh5TvrA/X75CVM1JvTI/AAAAAAAAAIA/ZSP_DNl8cmYoZTlcCUih_MSVF9lDy-q9gCLcBGAsYHQ/s600/meme.unfaedah_id_118747710_430539781252851_3936890065789626365_n.jpg"
    },
    {
	"teks": " *MemeIndo* ",
	"image": "https://1.bp.blogspot.com/-CwmBBh5TvrA/X75CVM1JvTI/AAAAAAAAAIA/ZSP_DNl8cmYoZTlcCUih_MSVF9lDy-q9gCLcBGAsYHQ/s600/meme.unfaedah_id_118747710_430539781252851_3936890065789626365_n.jpg"
    },
    {
	"teks": " *MemeIndo* ",
	"image": "https://1.bp.blogspot.com/-amABzhqt-9A/X75CVnaVlDI/AAAAAAAAAII/5yd2uXBlgVwaM4N1hKB4t7qyR9ZzmQo0wCLcBGAsYHQ/s600/meme.unfaedah_id_118776429_153154073155316_2116040660295830267_n.jpg"
    },
    {
	"teks": " *MemeIndo* ",
	"image": "https://1.bp.blogspot.com/-hhjVdKrwSvA/X75CV-HhO-I/AAAAAAAAAIM/ZZsudr6j8uosXEDHw56Hm2Mi5bMNZCbegCLcBGAsYHQ/s600/meme.unfaedah_id_118778515_177542320502198_5788898270862159906_n.jpg"
    },
    {
	"teks": " *MemeIndo* ",
	"image": "https://1.bp.blogspot.com/-r2FPotmfT24/X75CWMjOZ3I/AAAAAAAAAIQ/ZiG2n0hIOmoDstpwwSTXuspbY_lyeQJmwCLcBGAsYHQ/s600/meme.unfaedah_id_118779214_115451053619432_6375582423555796360_n.jpg"
    },
    {
	"teks": " *MemeIndo* ",
	"image": "https://1.bp.blogspot.com/-iDH6Is4uThM/X75CWUN3qdI/AAAAAAAAAIU/X5DEl4d6f_cjoXyS38zsgeBt4cRV4Y3gwCLcBGAsYHQ/s600/meme.unfaedah_id_118780575_114486360252695_3606723959192633634_n.jpg"
    },
    {
	"teks": " *MemeIndo* ",
	"image": "https://1.bp.blogspot.com/-LWxFHvSxZc4/X75CWhcBobI/AAAAAAAAAIY/n1Z5EljkxwcRIa52U47YaA4G3SkchINdACLcBGAsYHQ/s600/meme.unfaedah_id_118780578_924339621394730_6972246519214895341_n.jpg"
    },
    {
	"teks": " *MemeIndo* ",
	"image": "https://1.bp.blogspot.com/-LWxFHvSxZc4/X75CWhcBobI/AAAAAAAAAIY/n1Z5EljkxwcRIa52U47YaA4G3SkchINdACLcBGAsYHQ/s600/meme.unfaedah_id_118780578_924339621394730_6972246519214895341_n.jpg"
    },
    {
	"teks": " *MemeIndo* ",
	"image": "https://1.bp.blogspot.com/-IrZ_v9pCRxY/X75CXOl02hI/AAAAAAAAAIg/ftst2MBfWs0gAVYotUWV_1lo0P85kFMSgCLcBGAsYHQ/s600/meme.unfaedah_id_118793448_1234393330249236_420825077938305955_n.jpg"
    },
    {
	"teks": " *MemeIndo* ",
	"image": "https://1.bp.blogspot.com/-zS3nI_zqVM4/X75CXRDWulI/AAAAAAAAAIk/ZETAi8F_mlAun_sRXUFaMLiC3M3u3ZtRACLcBGAsYHQ/s600/meme.unfaedah_id_118796719_669101514023172_2448951336324929104_n.jpg"
    },
    {
	"teks": " *MemeIndo* ",
	"image": "https://1.bp.blogspot.com/-zS3nI_zqVM4/X75CXRDWulI/AAAAAAAAAIk/ZETAi8F_mlAun_sRXUFaMLiC3M3u3ZtRACLcBGAsYHQ/s600/meme.unfaedah_id_118796719_669101514023172_2448951336324929104_n.jpg"
    },
    {
	"teks": " *MemeIndo* ",
	"image": "https://1.bp.blogspot.com/-zSDiaNRytV8/X75CX1NUSoI/AAAAAAAAAIs/QiT3pJqR2y0eZxmJDb8JDuPaNgiVIwiygCLcBGAsYHQ/s600/meme.unfaedah_id_118858715_817319369004246_4632644713867918265_n.jpg"
    },
    {
	"teks": " *MemeIndo* ",
	"image": "https://1.bp.blogspot.com/-cmrhRaxZe_4/X75CYCgw95I/AAAAAAAAAIw/P8sd3s1ndgspX-YTsBaJagzE_xuYwb0XgCLcBGAsYHQ/s600/meme.unfaedah_id_118875372_307742013655712_6758235511916634273_n.jpg"
    },
    {
	"teks": " *MemeIndo* ",
	"image": "https://1.bp.blogspot.com/-0YYBBF7Mv-Y/X75CYce-AsI/AAAAAAAAAI0/tr-QJGDaGGAA5ziMWzVWc_T3Xba4c7_pACLcBGAsYHQ/s600/meme.unfaedah_id_118879195_304829414146483_7614089064037621544_n.jpg"
    },
    {
	"teks": " *MemeIndo* ",
	"image": "https://1.bp.blogspot.com/-uhrEMV_VHA8/X75CYtPFGoI/AAAAAAAAAI4/NS9Za_TGnlsnny9NbnHwh2Uhusut-eO1QCLcBGAsYHQ/s600/meme.unfaedah_id_118888511_321377232435306_7687997974636143745_n.jpg"
    },
    {
	"teks": " *MemeIndo* ",
	"image": "https://1.bp.blogspot.com/-uhrEMV_VHA8/X75CYtPFGoI/AAAAAAAAAI4/NS9Za_TGnlsnny9NbnHwh2Uhusut-eO1QCLcBGAsYHQ/s600/meme.unfaedah_id_118888511_321377232435306_7687997974636143745_n.jpg"
    },
    {
	"teks": " *MemeIndo* ",
	"image": "https://1.bp.blogspot.com/-fQXdaNbembs/X75CZPKLegI/AAAAAAAAAI8/rx1sjvvngaI-ChjNX3Tk2ozapBhaGddQQCLcBGAsYHQ/s600/meme.unfaedah_id_118889935_605522077021266_8217930812914128321_n.jpg"
    },
    {
	"teks": " *MemeIndo* ",
	"image": "https://1.bp.blogspot.com/-47tP9B15pDw/X75CZvcpdrI/AAAAAAAAAJA/5gsg33-db-Q26_PVix1WkAV4_UimMfOhgCLcBGAsYHQ/s600/meme.unfaedah_id_118942052_317815319446260_1019578909264770653_n.jpg"
    },
    {
	"teks": " *MemeIndo* ",
	"image": "https://1.bp.blogspot.com/-oMLRIVaBUN8/X75CaFOWjAI/AAAAAAAAAJI/UJBDGa25G4wNAtmYYYzLlUbm2q1mrE2lwCLcBGAsYHQ/s600/meme.unfaedah_id_118958225_2431251970513655_9166933059434913514_n.jpg"
    },
    {
	"teks": " *MemeIndo* ",
	"image": "https://1.bp.blogspot.com/-dej64GKTuVQ/X75CaF7SWwI/AAAAAAAAAJM/Onjvqk80Mnosa0SsUm7N4mcHpQ_VjTBzgCLcBGAsYHQ/s600/meme.unfaedah_id_118977816_1504425589762417_2091479073120956201_n.jpg"
    },
    {
	"teks": " *MemeIndo* ",
	"image": "https://1.bp.blogspot.com/-bId_aS5WVCw/X75CaWPdZwI/AAAAAAAAAJQ/5xJp98urizQOBY9ujIZK7bP5YUelqXAqgCLcBGAsYHQ/s600/meme.unfaedah_id_118977819_328309104893597_7176695583002712462_n.jpg"
    },
    {
	"teks": " *MemeIndo* ",
	"image": "https://1.bp.blogspot.com/-TUhIadOYjoc/X75CalztkII/AAAAAAAAAJU/UZYi4wOjJrEdBWbaHqdRJFDR_ul6pUxkwCLcBGAsYHQ/s600/meme.unfaedah_id_118980686_193578355494940_8022817211223512801_n.jpg"
    },
    {
	"teks": " *MemeIndo* ",
	"image": "https://1.bp.blogspot.com/-wjWgYzD_kVs/X75CbHmqcRI/AAAAAAAAAJc/pDTWA4TrQTgmFFvykt2AjiVYcrGPFlfSQCLcBGAsYHQ/s600/meme.unfaedah_id_119010686_695712871149204_7836821035298207794_n.jpg"
    },
    {
	"teks": " *MemeIndo* ",
	"image": "https://1.bp.blogspot.com/-_7bhntpsQrs/X75CbPbat_I/AAAAAAAAAJg/BSKR0Mgj4pQxL2jw-83I2fde5b2H0mOXQCLcBGAsYHQ/s600/meme.unfaedah_id_119063955_414077029560754_1489483732667118454_n.jpg"
    },
    {
	"teks": " *MemeIndo* ",
	"image": "https://1.bp.blogspot.com/-_7bhntpsQrs/X75CbPbat_I/AAAAAAAAAJg/BSKR0Mgj4pQxL2jw-83I2fde5b2H0mOXQCLcBGAsYHQ/s600/meme.unfaedah_id_119063955_414077029560754_1489483732667118454_n.jpg"
    },
    {
	"teks": " *MemeIndo* ",
	"image": "https://1.bp.blogspot.com/-_7bhntpsQrs/X75CbPbat_I/AAAAAAAAAJg/BSKR0Mgj4pQxL2jw-83I2fde5b2H0mOXQCLcBGAsYHQ/s600/meme.unfaedah_id_119063955_414077029560754_1489483732667118454_n.jpg"
    },
    {
	"teks": " *MemeIndo* ",
	"image": "https://1.bp.blogspot.com/-wZ-uv4Vuakw/X75CbxUcmDI/AAAAAAAAAJw/YgGnBn8MMjAwnglHYWxPl3Tfc8l2-VU_gCLcBGAsYHQ/s600/meme.unfaedah_id_119084399_321256875771286_8562986495219441430_n.jpg"
    },
    {
	"teks": " *MemeIndo* ",
	"image": "https://1.bp.blogspot.com/-PHrzAJYpCA8/X75Cb-Gll6I/AAAAAAAAAJs/EXjOW3j3bGQYnBW0HXVvnw8LcKIDP92JgCLcBGAsYHQ/s600/meme.unfaedah_id_119114730_363212764837413_3062596262309860041_n.jpg"
    },
    {
	"teks": " *MemeIndo* ",
	"image": "https://1.bp.blogspot.com/-NT_-dtjrLyM/X75CcbUu1sI/AAAAAAAAAJ0/uR9V6A-Elm4gbaksCZ1tPbJDmCIQSMg6QCLcBGAsYHQ/s600/meme.unfaedah_id_119168914_1517626231760746_10058987957716157_n.jpg"
    },
    {
	"teks": " *MemeIndo* ",
	"image": "https://1.bp.blogspot.com/-EXQ0xRT7Y0s/X75CcpdpCFI/AAAAAAAAAJ4/1rcE0HVT3agJOOsvnLWWpV_H8U8Fl17_QCLcBGAsYHQ/s600/meme.unfaedah_id_119176246_731619080723132_3934403187140230765_n.jpg"
    },
    {
	"teks": " *MemeIndo* ",
	"image": "https://1.bp.blogspot.com/-DiCtuId2lPc/X75Cc13PYdI/AAAAAAAAAJ8/3UV5iVDDXtApNaLe0INMtm6GvzzMzXR5gCLcBGAsYHQ/s600/meme.unfaedah_id_119225759_176895153767721_8853739564645021541_n.jpg"
    },
    {
	"teks": " *MemeIndo* ",
	"image": "https://1.bp.blogspot.com/-Msl-03Cd9SU/X75CdPGiHZI/AAAAAAAAAKA/mu8VbcwHLIQkFv-ueVNZ0Gh0uX0w8AOZACLcBGAsYHQ/s600/meme.unfaedah_id_119228318_121618442769603_3237191502556823060_n.jpg"
    },
    {
	"teks": " *MemeIndo* ",
	"image": "https://1.bp.blogspot.com/-_tygvfFEN7c/X75CdUxMLPI/AAAAAAAAAKE/P9uxLGPxCbYES3yf60Kzmxb4uGjAl7q6gCLcBGAsYHQ/s600/meme.unfaedah_id_119346434_723638398494008_742194360073654810_n.jpg"
    },
    {
	"teks": " *MemeIndo* ",
	"image": "https://1.bp.blogspot.com/-_tygvfFEN7c/X75CdUxMLPI/AAAAAAAAAKE/P9uxLGPxCbYES3yf60Kzmxb4uGjAl7q6gCLcBGAsYHQ/s600/meme.unfaedah_id_119346434_723638398494008_742194360073654810_n.jpg"
    },
    {
	"teks": " *MemeIndo* ",
	"image": "https://1.bp.blogspot.com/-_tygvfFEN7c/X75CdUxMLPI/AAAAAAAAAKE/P9uxLGPxCbYES3yf60Kzmxb4uGjAl7q6gCLcBGAsYHQ/s600/meme.unfaedah_id_119346434_723638398494008_742194360073654810_n.jpg"
    },
    {
	"teks": " *MemeIndo* ",
	"image": "https://1.bp.blogspot.com/-CdetbdydUNA/X75CdpPS1SI/AAAAAAAAAKI/QFEZgGNwiL4FDOBUjOqXXF-4MR7kELgAACLcBGAsYHQ/s600/meme.unfaedah_id_119442737_444540139823563_1403687457459435403_n.jpg"
    },
    {
	"teks": " *MemeIndo* ",
	"image": "https://1.bp.blogspot.com/-89JXIsT2nA4/X75CeGBtk_I/AAAAAAAAAKQ/rIlnH849EBUKupbnM6csbHJsOyZYUILkQCLcBGAsYHQ/s600/meme.unfaedah_id_119472914_130952708363970_7323662687130988912_n.jpg"
    },
    {
	"teks": " *MemeIndo* ",
	"image": "https://1.bp.blogspot.com/-uRCRuZsDpgY/X75Ced9DtYI/AAAAAAAAAKU/Yf6iZS3O2jYc4q2ZLeF5ruMcguhYQdx9ACLcBGAsYHQ/s600/meme.unfaedah_id_119528144_178639010509870_8556029819748555432_n.jpg"
    },
    {
	"teks": " *MemeIndo* ",
	"image": "https://1.bp.blogspot.com/-k6pSLvINdJU/X75Cec3f8LI/AAAAAAAAAKY/M8Mbhwa7qpE8lD_xAT5PKGNr4Sg0huLmACLcBGAsYHQ/s600/meme.unfaedah_id_119546872_920576701679237_4751698580539641149_n.jpg"
    },
    {
	"teks": " *MemeIndo* ",
	"image": "https://1.bp.blogspot.com/-nUr49WpgdeY/X75Ce3c675I/AAAAAAAAAKc/7IUdhWJus8Ae-5tB-QYcoigaz9ZHB9lqQCLcBGAsYHQ/s600/meme.unfaedah_id_119574275_1178859375821673_6846201687241579954_n.jpg"
    },
    {
	"teks": " *MemeIndo* ",
	"image": "https://1.bp.blogspot.com/-lepdlK8PbD4/X75CfOY_cPI/AAAAAAAAAKg/u50avK5hcrozPGB4qKB5ZsCQVLl8k3hYACLcBGAsYHQ/s600/meme.unfaedah_id_119585578_263060524803508_2804956601736889284_n.jpg"
    },
    {
	"teks": " *MemeIndo* ",
	"image": "https://1.bp.blogspot.com/-rTvhRrSMmOQ/X75CfO_KrJI/AAAAAAAAAKk/acJLEEJ4yv040CS_t9zPlEPvA2BRDI7UQCLcBGAsYHQ/s600/meme.unfaedah_id_119698937_4601627919877937_1099822556771156690_n.jpg"
    },
    {
	"teks": " *MemeIndo* ",
	"image": "https://1.bp.blogspot.com/-sxUh32hhbY4/X75Cfn5-XjI/AAAAAAAAAKo/kCS8dE8901o9FB1swOEQJgQROSopWekeQCLcBGAsYHQ/s600/meme.unfaedah_id_119713336_249357393026516_566870278334228985_n.jpg"
    },
    {
	"teks": " *MemeIndo* ",
	"image": "https://1.bp.blogspot.com/-6jR8j1wOTLU/X75Cf6o7DOI/AAAAAAAAAKs/i7L7ximn5ls_o6PhYxx3UlBnMUl457MYACLcBGAsYHQ/s600/meme.unfaedah_id_119717139_354091232406165_5776996886200069186_n.jpg"
    },
    {
	"teks": " *MemeIndo* ",
	"image": "https://1.bp.blogspot.com/-pTb3EObvK5I/X75CgGEQjYI/AAAAAAAAAKw/6ACl5yyOEBIUgNfaTVCu0VEeR7PYjevMQCLcBGAsYHQ/s600/meme.unfaedah_id_119720800_205927924348882_4483212221848274138_n.jpg"
    },
    {
	"teks": " *MemeIndo* ",
	"image": "https://1.bp.blogspot.com/-6z2SO0Dtojc/X75CgT6rHDI/AAAAAAAAAK0/x-V93y1UrzEcNGAntjfTOdsRTXQMBuedgCLcBGAsYHQ/s600/meme.unfaedah_id_119797575_335311104345332_6414425208178821307_n.jpg"
    },
    {
	"teks": " *MemeIndo* ",
	"image": "https://1.bp.blogspot.com/-0gVr8NbvN0E/X75CgpcNDMI/AAAAAAAAAK4/AgLGRjRtM5kPT92rIEGHVPvdhRUPDvY1wCLcBGAsYHQ/s600/meme.unfaedah_id_119799006_342341520536054_8341333341172355719_n.jpg"
    },
    {
	"teks": " *MemeIndo* ",
	"image": "https://1.bp.blogspot.com/-J7bsWQ_zius/X75CgyXp8rI/AAAAAAAAAK8/dB4SYlfWtBUuybTY-_zq7E_ct1TpZojTgCLcBGAsYHQ/s600/meme.unfaedah_id_119849500_333582137952571_7132989729697956609_n.jpg"
    },
    {
	"teks": " *MemeIndo* ",
	"image": "https://1.bp.blogspot.com/-y-tuJ1dhQF8/X75ChdvisnI/AAAAAAAAALA/g0szJ41awGsrboMnSqIqzBq4Vtg0w6pLwCLcBGAsYHQ/s600/meme.unfaedah_id_119862812_609763776335537_6297880823444094497_n.jpg"
    },
    {
	"teks": " *MemeIndo* ",
	"image": "https://1.bp.blogspot.com/-uQ-dv0YouhU/X75ChciHKqI/AAAAAAAAALI/KgIoA82ZAsQRUe8dIWnzRuZHh6oBhwAkQCLcBGAsYHQ/s600/meme.unfaedah_id_119864184_2421727718130806_8734754391083743851_n.jpg"
    },
    {
	"teks": " *MemeIndo* ",
	"image": "https://1.bp.blogspot.com/-fQwdBIX3G-A/X75ChdUjKhI/AAAAAAAAALE/IgQvjFijYKsGYhpXjR3eLDa8mXhFcUt9QCLcBGAsYHQ/s600/meme.unfaedah_id_119864580_356400698881227_5664208833668588111_n.jpg"
    },
    {
	"teks": " *MemeIndo* ",
	"image": "https://1.bp.blogspot.com/-pT4X3GbWLvg/X75CiC6erUI/AAAAAAAAALM/RIkZn8vinKMSipOM0jfgR-4LF94p6x5iACLcBGAsYHQ/s600/meme.unfaedah_id_119870499_175753330782405_6600864148932983618_n.jpg"
    },
    {
	"teks": " *MemeIndo* ",
	"image": "https://1.bp.blogspot.com/-kFnmL0dp880/X75CiaFlKcI/AAAAAAAAALQ/vrziom9XeZsVwdbU7d3dN3RfrcjGA8rzACLcBGAsYHQ/s600/meme.unfaedah_id_119878271_700165457374596_8355068677167235763_n.jpg"
    },
    {
	"teks": " *MemeIndo* ",
	"image": "https://1.bp.blogspot.com/-bgDoDJWXalE/X75CifoNAdI/AAAAAAAAALU/2TOWydMp8BQYZrCSRB2uTcu1JoYVAyTUwCLcBGAsYHQ/s600/meme.unfaedah_id_119882118_271520827166747_8467101157450360246_n.jpg"
    },
    {
	"teks": " *MemeIndo* ",
	"image": "https://1.bp.blogspot.com/-Y0g7twPN8PU/X75Ci1auyCI/AAAAAAAAALY/2a_bt96cirw48q-psSquIDnr_81Kig-TQCLcBGAsYHQ/s600/meme.unfaedah_id_119916106_1756652124484051_2657846274930434161_n.jpg"
    },
    {
	"teks": " *MemeIndo* ",
	"image": "https://1.bp.blogspot.com/-eHbkC6gQm88/X75CjP4Pn0I/AAAAAAAAALc/6-yCy-eQdS4K0JjpiRJhIBzwywGkxvIrwCLcBGAsYHQ/s600/meme.unfaedah_id_119938735_948077885711405_5481680361057673596_n.jpg"
    },
    {
	"teks": " *MemeIndo* ",
	"image": "https://1.bp.blogspot.com/-05Zer_kpUD8/X75CjObeS-I/AAAAAAAAALg/qpYWlImqCkYP9wXxMgUuVA51VHbMki-GgCLcBGAsYHQ/s600/meme.unfaedah_id_119989705_206075044271753_8446050949411996575_n.jpg"
    },
    {
	"teks": " *MemeIndo* ",
	"image": "https://1.bp.blogspot.com/-3GCJkBY4vyc/X75CjRmu54I/AAAAAAAAALk/EcNk58e9seo47zK9PIT-EgULazn4GBr-ACLcBGAsYHQ/s600/meme.unfaedah_id_119996933_1600518436785936_6574038220778602173_n.jpg"
    },
    {
	"teks": " *MemeIndo* ",
	"image": "https://1.bp.blogspot.com/-BLgHfuGGqOc/X75CjzNtyDI/AAAAAAAAALo/m7LSS2rVVf06nKUdLTC7MmCWf9ZxbKT-ACLcBGAsYHQ/s600/meme.unfaedah_id_120004895_675816599719722_8605266629042626297_n.jpg"
    },
    {
	"teks": " *MemeIndo* ",
	"image": "https://1.bp.blogspot.com/-BV-2_4afNxU/X75Cjxe9q2I/AAAAAAAAALs/6KPAYBqDd5cQIvXqj6L-BhuXBBKEDytwgCLcBGAsYHQ/s600/meme.unfaedah_id_120056960_373052227407649_27021515569921232_n.jpg"
    },
    {
	"teks": " *MemeIndo* ",
	"image": "https://1.bp.blogspot.com/-pQs3w0u3rE4/X75CkHcntSI/AAAAAAAAALw/QSEDGySn914tNq9xpN5wVEziigzUoJFJQCLcBGAsYHQ/s600/meme.unfaedah_id_120074350_257197982182991_3155963239707634836_n.jpg"
    },
    {
	"teks": " *MemeIndo* ",
	"image": "https://1.bp.blogspot.com/-byBkTExSEJM/X75CkqUxFZI/AAAAAAAAAL4/xwW5o0wI-WESHrfuqFYIb337cqhupR72wCLcBGAsYHQ/s600/meme.unfaedah_id_120091202_2810251095926389_7002283186381448782_n.jpg"
    },
    {
	"teks": " *MemeIndo* ",
	"image": "https://1.bp.blogspot.com/-QJm9Z7tSo4w/X75CknW5saI/AAAAAAAAAL0/e1KgTGkZBA8yQQAY4CRUpSzl72XZh1OhwCLcBGAsYHQ/s600/meme.unfaedah_id_120094057_813141022763901_2409612910112420582_n.jpg"
    },
    {
	"teks": " *MemeIndo* ",
	"image": "https://1.bp.blogspot.com/-NXVpLDTDxYI/X75Ck-PM8sI/AAAAAAAAAL8/iZ8HRYa3k0cwj--VYlQGe4XcbV2rxhubACLcBGAsYHQ/s600/meme.unfaedah_id_120153942_628384127869071_6416695115927149244_n.jpg"
    },
    {
	"teks": " *MemeIndo* ",
	"image": "https://1.bp.blogspot.com/-NXVpLDTDxYI/X75Ck-PM8sI/AAAAAAAAAL8/iZ8HRYa3k0cwj--VYlQGe4XcbV2rxhubACLcBGAsYHQ/s600/meme.unfaedah_id_120153942_628384127869071_6416695115927149244_n.jpg"
    },
    {
	"teks": " *MemeIndo* ",
	"image": "https://1.bp.blogspot.com/-pdS3eRp4WKw/X75ClYbkiUI/AAAAAAAAAME/3XOEZ6IAYcMC_oJ69x3JWRbv4lzGugbGwCLcBGAsYHQ/s600/meme.unfaedah_id_120288202_434221744223520_5437862882474445573_n.jpg"
    },
    {
	"teks": " *MemeIndo* ",
	"image": "https://1.bp.blogspot.com/-pdS3eRp4WKw/X75ClYbkiUI/AAAAAAAAAME/3XOEZ6IAYcMC_oJ69x3JWRbv4lzGugbGwCLcBGAsYHQ/s600/meme.unfaedah_id_120288202_434221744223520_5437862882474445573_n.jpg"
    },
    {
	"teks": " *MemeIndo* ",
	"image": "https://1.bp.blogspot.com/-fi3cGPdigFo/X75Clq1n18I/AAAAAAAAAMI/lestZebXCZw2AQS67o9uZyN0stw7sgIRgCLcBGAsYHQ/s600/meme.unfaedah_id_120362394_124887075758047_7416315140102565928_n.jpg"
    },
    {
	"teks": " *MemeIndo* ",
	"image": "https://1.bp.blogspot.com/-JAWT6KTBVlI/X75Cl0LDWpI/AAAAAAAAAMM/4qBr1SoBJbc3qExPK9xZpZdMiQrEy-skgCLcBGAsYHQ/s600/meme.unfaedah_id_120601991_1224217697953732_7834534603693868653_n.jpg"
    },
    {
	"teks": " *MemeIndo* ",
	"image": "https://1.bp.blogspot.com/-79_fFS-vfcQ/X75CmDVi85I/AAAAAAAAAMQ/e5ATQuAdHdsGcyXyMHGgNKeJQYYHrGfHwCLcBGAsYHQ/s600/meme.unfaedah_id_120745977_392411461750853_670879169431771862_n.jpg"
    },
    {
	"teks": " *MemeIndo* ",
	"image": "https://1.bp.blogspot.com/-LwUWDxhPXjc/X75CmSow5cI/AAAAAAAAAMU/Fsn55p5YpcwFXeg2QEyJWbeVURGMo1waQCLcBGAsYHQ/s600/meme.unfaedah_id_120810449_657738871815070_8462430408985399316_n.jpg"
    },
    {
	"teks": " *MemeIndo* ",
	"image": "https://1.bp.blogspot.com/-Ru1ov58Yxj8/X75CmjopehI/AAAAAAAAAMY/X0pc6tjeFPUGa53ZCMPuFXJcsxMgv8omACLcBGAsYHQ/s600/meme.unfaedah_id_120844195_154231423017024_5434554686246995890_n.jpg"
    },
    {
	"teks": " *MemeIndo* ",
	"image": "https://1.bp.blogspot.com/-2LxDJzujtRI/X75Cm-QW-TI/AAAAAAAAAMc/IwPaRxuZlFIyGfHbULxAjujyjwG1sTftwCLcBGAsYHQ/s600/meme.unfaedah_id_120887714_118471369852009_4751992080646241183_n.jpg"
    },
    {
	"teks": " *MemeIndo* ",
	"image": "https://1.bp.blogspot.com/-934VZ52cju0/X75CnJslCuI/AAAAAAAAAMg/VkNHU7KU6DMckM5WQqk8OjsQLE3dxVSlgCLcBGAsYHQ/s600/meme.unfaedah_id_120955187_3114143792048299_6148919402845622550_n.jpg"
    },
    {
	"teks": " *MemeIndo* ",
	"image": "https://1.bp.blogspot.com/-dL1mrCz0IrQ/X75CnT1zS8I/AAAAAAAAAMk/wzVD93Cnoik5PTJiXZGwxTj1EphmnnRMwCLcBGAsYHQ/s600/meme.unfaedah_id_121009438_1239090889806427_2585317708074605727_n.jpg"
    },
    {
	"teks": " *MemeIndo* ",
	"image": "https://1.bp.blogspot.com/-7tep71Xji6I/X75Cn4LjKtI/AAAAAAAAAMs/Wv40duDUjasj2NYgWvGzC8Pjun93plvGgCLcBGAsYHQ/s600/meme.unfaedah_id_121115477_352173365905590_492568023983036986_n.jpg"
    },
    {
	"teks": " *MemeIndo* ",
	"image": "https://1.bp.blogspot.com/-qiHqxmbHtsg/X75CnsqWiRI/AAAAAAAAAMo/GRIBFD3ZpcEWaPPXnVvujbFdB5KblOyegCLcBGAsYHQ/s600/meme.unfaedah_id_121017585_1885332051606790_328859953876159112_n.jpg"
    },
    {
	"teks": " *MemeIndo* ",
	"image": "https://1.bp.blogspot.com/-jsysLKmGvH0/X75CoPTXeHI/AAAAAAAAAMw/emGDoW8hiB0KRZXWQpNwDoHhfCCOBIZ2wCLcBGAsYHQ/s600/meme.unfaedah_id_121197891_2814629528860283_2271468232516985527_n.jpg"
    },
    {
	"teks": " *MemeIndo* ",
	"image": "https://1.bp.blogspot.com/-E0gzp3ApPLM/X75CoC9MraI/AAAAAAAAAM0/CQpHl-UgYmQ3YMY59_A2ws1KThzahEJNQCLcBGAsYHQ/s600/meme.unfaedah_id_121694361_114099590472635_64089407719186578_n.jpg"
    },
    {
	"teks": " *MemeIndo* ",
	"image": "https://1.bp.blogspot.com/-WyXe-TZLKLM/X75ComyO7uI/AAAAAAAAAM4/VlJUgKOJsZw3_RNkqivhn9c8qL4V7deGgCLcBGAsYHQ/s600/meme.unfaedah_id_121733676_376096910427334_5369661519027461726_n.jpg"
    },
    {
	"teks": " *MemeIndo* ",
	"image": "https://1.bp.blogspot.com/-3WD12pkmH1I/X75Co2SkWFI/AAAAAAAAAM8/Ff7r1tvKVug68rESmnJLdP4LBZk6pGlVwCLcBGAsYHQ/s600/meme.unfaedah_id_121998047_1274727396206719_1012645573391358466_n.jpg"
    },
    {
	"teks": " *MemeIndo* ",
	"image": "https://1.bp.blogspot.com/-3WD12pkmH1I/X75Co2SkWFI/AAAAAAAAAM8/Ff7r1tvKVug68rESmnJLdP4LBZk6pGlVwCLcBGAsYHQ/s600/meme.unfaedah_id_121998047_1274727396206719_1012645573391358466_n.jpg"
    },
    {
	"teks": " *MemeIndo* ",
	"image": "https://1.bp.blogspot.com/-ImWy8O0mBf8/X75Co1xxu7I/AAAAAAAAANA/QlcXON_gxpUQjetzSKp-Rxw3Edh1FDSUgCLcBGAsYHQ/s600/meme.unfaedah_id_122025448_127242932189738_343461632999823743_n.jpg"
    },
    {
	"teks": " *MemeIndo* ",
	"image": "https://1.bp.blogspot.com/-Il_BZrvqIP0/X75CpLoljYI/AAAAAAAAANE/ErpdasDiztIpIsGNZ_z4sDFPMAvfmQKzgCLcBGAsYHQ/s600/meme.unfaedah_id_122054441_1019978811785624_9042420470758785340_n.jpg"
    },
    {
	"teks": " *MemeIndo* ",
	"image": "https://1.bp.blogspot.com/-jLD3Nfhsni8/X75CpppL70I/AAAAAAAAANI/Dal0zgpAU70WRpQ8AO874qBx3s2zRCCiQCLcBGAsYHQ/s600/meme.unfaedah_id_122145978_359732088634790_692737152548624056_n.jpg"
    },
    {
	"teks": " *MemeIndo* ",
	"image": "https://1.bp.blogspot.com/-jLD3Nfhsni8/X75CpppL70I/AAAAAAAAANI/Dal0zgpAU70WRpQ8AO874qBx3s2zRCCiQCLcBGAsYHQ/s600/meme.unfaedah_id_122145978_359732088634790_692737152548624056_n.jpg"
    },
    {
	"teks": " *MemeIndo* ",
	"image": "https://1.bp.blogspot.com/--ASf_BsGezs/X75Cpw31OvI/AAAAAAAAANQ/j2iW6JdNmJgBrriQfpLAbBI6GMGyATGRQCLcBGAsYHQ/s600/meme.unfaedah_id_122174717_187275859503982_5070933454677299993_n.jpg"
    },
    {
	"teks": " *MemeIndo* ",
	"image": "https://1.bp.blogspot.com/-wFwF36zGJJY/X75CqIbz9JI/AAAAAAAAANU/dCwVO7_BcFYWSbM1Mw5sRrhVUdQttCHKQCLcBGAsYHQ/s600/meme.unfaedah_id_122208000_2806795252976433_1875168864085701940_n.jpg"
    },
    {
	"teks": " *MemeIndo* ",
	"image": "https://1.bp.blogspot.com/-RhdUkap7_PI/X75CqectGMI/AAAAAAAAANY/e-X0a1SiV2MN1trA6K1BnymCMa3GPSCewCLcBGAsYHQ/s600/meme.unfaedah_id_122267391_144370224064394_1808586497836738404_n.jpg"
    },
    {
	"teks": " *MemeIndo* ",
	"image": "https://1.bp.blogspot.com/-r3k-VCdZpZY/X75Cqm2ypuI/AAAAAAAAANc/KPCs5RXcp3UUK8osInlCFurmR3owhuh5ACLcBGAsYHQ/s600/meme.unfaedah_id_122396449_285009905924339_8785277283043836446_n.jpg"
    },
    {
	"teks": " *MemeIndo* ",
	"image": "https://1.bp.blogspot.com/-rCLFuaJc-0U/X75Cq8J1TkI/AAAAAAAAANg/L1A6duLXuv8VSAReTZjbiV0AB-ovvM72wCLcBGAsYHQ/s600/meme.unfaedah_id_122409473_699906490622751_3007399227578089910_n.jpg"
    },
    {
	"teks": " *MemeIndo* ",
	"image": "https://1.bp.blogspot.com/-o_9zpa0MD0k/X75CrP5yXNI/AAAAAAAAANk/tRmsKls_dmYzhuqAV-84ySYys7vpgMFuACLcBGAsYHQ/s600/meme.unfaedah_id_122435115_106444924594312_3094490302526579636_n.jpg"
    },
    {
	"teks": " *MemeIndo* ",
	"image": "https://1.bp.blogspot.com/-wLQuCCPfmF0/X75CrdOEVfI/AAAAAAAAANo/c0NuIDJGMeox0CorUcdJMJC2r244_lY4QCLcBGAsYHQ/s600/meme.unfaedah_id_122435411_2829055720711591_6378136863129395451_n.jpg"
    },
    {
	"teks": " *MemeIndo* ",
	"image": "https://1.bp.blogspot.com/-Erw57UfdmNY/X75CrkzRh3I/AAAAAAAAANs/hoSYITHITVA1qnzTSWHOuKI3f1GkwOvugCLcBGAsYHQ/s600/meme.unfaedah_id_122496926_3276669599106813_990723709132495566_n.jpg"
    },
    {
	"teks": " *MemeIndo* ",
	"image": "https://1.bp.blogspot.com/-Sr6neCNlLHI/X75Cr4yCmoI/AAAAAAAAANw/Ut5gxFg21x0rnGnTnhlKoFgFdWcIn_wygCLcBGAsYHQ/s600/meme.unfaedah_id_122580494_343819313590630_4580463940947108284_n.jpg"
    },
    {
	"teks": " *MemeIndo* ",
	"image": "https://1.bp.blogspot.com/-OPl1n8XZxB4/X75CsL1KjnI/AAAAAAAAAN0/KJNJmEnBJcw0A6t2n9PyTHfIiCY-WYYhACLcBGAsYHQ/s600/meme.unfaedah_id_122618529_396710391703091_5437729625746128757_n.jpg"
    },
    {
	"teks": " *MemeIndo* ",
	"image": "https://1.bp.blogspot.com/-euVYZnEw5CI/X75CsZTT_FI/AAAAAAAAAN4/STMFW4NThMcmoFNQWC2gRDNrFJy6X5BLACLcBGAsYHQ/s600/meme.unfaedah_id_122715442_369713614340067_9000229961852537041_n.jpg"
    },
    {
	"teks": " *MemeIndo* ",
	"image": "https://1.bp.blogspot.com/-bxgO5H59nvM/X75CsniZL9I/AAAAAAAAAN8/3-7gKbYgLBMWVqY35TcJW-7tIUseQH35QCLcBGAsYHQ/s600/meme.unfaedah_id_122737990_3379729952124325_1494901880860744743_n.jpg"
    },
    {
	"teks": " *MemeIndo* ",
	"image": "https://1.bp.blogspot.com/-MvX92rPD-pA/X75CsowQ-BI/AAAAAAAAAOA/pN_9PZocAdY6aX-BccLI9dQyAA-m6j18ACLcBGAsYHQ/s600/meme.unfaedah_id_122802282_217769669697504_3136951831411819514_n.jpg"
    },
    {
	"teks": " *MemeIndo* ",
	"image": "https://1.bp.blogspot.com/-O3yVUj6eAxg/X75CtHmuQxI/AAAAAAAAAOE/1-EVdTG974wgoDrrZHKTrTrXohFkvz5VgCLcBGAsYHQ/s600/meme.unfaedah_id_122816575_4109736062376726_1717918740766401327_n.jpg"
    },
    {
	"teks": " *MemeIndo* ",
	"image": "https://1.bp.blogspot.com/-1W_G7PpD79k/X75CtC3PYWI/AAAAAAAAAOI/p_Teiv44aqgUI_kPwW5k0QGczaF-KEH9gCLcBGAsYHQ/s600/meme.unfaedah_id_122880765_661868498037091_6433389879732796643_n.jpg"
    },
    {
	"teks": " *MemeIndo* ",
	"image": "https://1.bp.blogspot.com/-WurAQp2VgSs/X75CtY4YOJI/AAAAAAAAAOM/RhGf9xroI1cXy8iMqUkkCIEAgFQ_mog9gCLcBGAsYHQ/s600/meme.unfaedah_id_122886191_3474616259266973_8137524679426071610_n.jpg"
    },
    {
	"teks": " *MemeIndo* ",
	"image": "https://1.bp.blogspot.com/-CuzBVqx_BbY/X75Ctmf40iI/AAAAAAAAAOQ/sLyRd0Po-3ElJWT4rkeERQFShqPskY8CwCLcBGAsYHQ/s600/meme.unfaedah_id_122972015_191062275863893_5717032878682392587_n.jpg"
    },
    {
	"teks": " *MemeIndo* ",
	"image": "https://1.bp.blogspot.com/-ct_FtgzCxaU/X75CtzprSQI/AAAAAAAAAOU/Ax_wLWT35GsxUYNLIugxwxQJBXajqGUOQCLcBGAsYHQ/s600/meme.unfaedah_id_123097360_220769719415360_5390378264679761998_n.jpg"
    },
    {
	"teks": " *MemeIndo* ",
	"image": "https://1.bp.blogspot.com/-t_mRv0EAix0/X75CuOn68eI/AAAAAAAAAOY/qWLG4l58rSEvPKrwxjZQkouMR9mz1bmxgCLcBGAsYHQ/s600/meme.unfaedah_id_123102375_740726506517450_8927378344795205611_n.jpg"
    },
    {
	"teks": " *MemeIndo* ",
	"image": "https://1.bp.blogspot.com/-t_mRv0EAix0/X75CuOn68eI/AAAAAAAAAOY/qWLG4l58rSEvPKrwxjZQkouMR9mz1bmxgCLcBGAsYHQ/s600/meme.unfaedah_id_123102375_740726506517450_8927378344795205611_n.jpg"
    },
    {
	"teks": " *MemeIndo* ",
	"image": "https://1.bp.blogspot.com/-U5zJ3ySh3GQ/X75Cud9suyI/AAAAAAAAAOc/epkN0Qnok3wkKyD9pd7icAoxHEPsps6mQCLcBGAsYHQ/s600/meme.unfaedah_id_123116662_673826616858355_6673441228214033857_n.jpg"
    },
    {
	"teks": " *MemeIndo* ",
	"image": "https://1.bp.blogspot.com/-OcTiT3n30C4/X75CulDFerI/AAAAAAAAAOg/48ZXAZEf3kEK0CcpTPa-nz6Bn1TVUXlegCLcBGAsYHQ/s600/meme.unfaedah_id_123125988_1011889719280128_4805503253428020147_n.jpg"
    },
    {
	"teks": " *MemeIndo* ",
	"image": "https://1.bp.blogspot.com/-9IX-ZYa-WyU/X75CuyHO0kI/AAAAAAAAAOk/Gc7Ez_OI6fgayGSI4blQkh0h1tKSel7zgCLcBGAsYHQ/s600/meme.unfaedah_id_123142335_368361217912075_1189206387807031789_n.jpg"
    },
    {
	"teks": " *MemeIndo* ",
	"image": "https://1.bp.blogspot.com/-3DoEWqMxHsE/X75CvDldjKI/AAAAAAAAAOo/ilBE_5Etu3M7fBrSzsSrjKRevCuixpv5ACLcBGAsYHQ/s600/meme.unfaedah_id_123142446_1587786941400802_3210781365199745754_n.jpg"
    },
    {
	"teks": " *MemeIndo* ",
	"image": "https://1.bp.blogspot.com/-fouME9g4Xu8/X75CvBstlOI/AAAAAAAAAOs/I_CebJvuVPkMLhCQEhY9GuGW4pLV3meVgCLcBGAsYHQ/s600/meme.unfaedah_id_123148306_821152165308924_5863906204775426664_n.jpg"
    },
    {
	"teks": " *MemeIndo* ",
	"image": "https://1.bp.blogspot.com/--ydRUzwDBmQ/X75CvqF0GWI/AAAAAAAAAOw/o_k40mPDsmwR-hGRW0zW_FLduLjp9yoBQCLcBGAsYHQ/s600/meme.unfaedah_id_123195759_436293417363586_7678381266221995886_n.jpg"
    },
    {
	"teks": " *MemeIndo* ",
	"image": "https://1.bp.blogspot.com/-tm1qoblLoOk/X75Cv8qqVkI/AAAAAAAAAO4/a5lDLaWqgnIVQ_xlOT_foAO-VCnTgUMqgCLcBGAsYHQ/s600/meme.unfaedah_id_123202185_385936615930269_4135677219400469066_n.jpg"
    },
    {
	"teks": " *MemeIndo* ",
	"image": "https://1.bp.blogspot.com/-9noeBUngIII/X75Cv93qKZI/AAAAAAAAAO0/-MlCPV8WMd42ZD6jHYax4KZ11kGCMSr6ACLcBGAsYHQ/s600/meme.unfaedah_id_123209900_3561464947225380_5651803324905072991_n.jpg"
    },
    {
	"teks": " *MemeIndo* ",
	"image": "https://1.bp.blogspot.com/-E7cZjaEk7Y0/X75CwDRve4I/AAAAAAAAAO8/gxwR0bN2k5Ax6kv6EmZggSRogXIogGbHwCLcBGAsYHQ/s600/meme.unfaedah_id_123262229_365915871285070_7833993111206175635_n.jpg"
    },
    {
	"teks": " *MemeIndo* ",
	"image": "https://1.bp.blogspot.com/-NJRN37JAJxM/X75CwkvOlEI/AAAAAAAAAPA/tA0hVZ1sr4wpa2xbvYMX9fbgqxFTtc9RQCLcBGAsYHQ/s600/meme.unfaedah_id_123281933_2727830164149579_2130227527900007105_n.jpg"
    },
    {
	"teks": " *MemeIndo* ",
	"image": "https://1.bp.blogspot.com/-q_7QhxZMG-Y/X75CwjpaYRI/AAAAAAAAAPE/l6DAmAYDpnEEVuRL7rUjvmO45Wpv_RgUACLcBGAsYHQ/s600/meme.unfaedah_id_123299189_364359188166370_3243888504863060827_n.jpg"
    },
    {
	"teks": " *MemeIndo* ",
	"image": "https://1.bp.blogspot.com/-W0EiFrv8URs/X75CxY39-wI/AAAAAAAAAPM/pnoNj3aUunUgbHhu3p319Ah2dvgV3xRIwCLcBGAsYHQ/s600/meme.unfaedah_id_123352357_188234679535572_3080458975899808158_n.jpg"
    },
    {
	"teks": " *MemeIndo* ",
	"image": "https://1.bp.blogspot.com/-NIBM_vzHZIA/X75CxUhkwSI/AAAAAAAAAPQ/R-MQLMNUoiQVkpN64K1kDdUKfrjQLwD7ACLcBGAsYHQ/s600/meme.unfaedah_id_123377125_364712908107956_7796034359580998975_n.jpg"
    },
    {
	"teks": " *MemeIndo* ",
	"image": "https://1.bp.blogspot.com/--36aQYbP-qg/X75CxuVj1yI/AAAAAAAAAPU/cqZPlOaMJgU8GsEfYXt03CLz9otVHvY3ACLcBGAsYHQ/s600/meme.unfaedah_id_123421405_967475247112438_7492597085645790010_n.jpg"
    },
    {
	"teks": " *MemeIndo* ",
	"image": "https://1.bp.blogspot.com/-fs3oe5VK2ko/X75CyC7Jd6I/AAAAAAAAAPY/smfD93UPHdMF9sLFT15o_lzpNO5LuFXxQCLcBGAsYHQ/s600/meme.unfaedah_id_123439935_369867311015405_6367989244670396346_n.jpg"
    },
    {
	"teks": " *MemeIndo* ",
	"image": "https://1.bp.blogspot.com/-RH35gF_27Os/X75CyfaRcVI/AAAAAAAAAPg/eydeViq6Gqc7DrIWyASertKvfrEPx6LnACLcBGAsYHQ/s600/meme.unfaedah_id_123476391_403466247338869_3327723044970467867_n.jpg"
    },
    {
	"teks": " *MemeIndo* ",
	"image": "https://1.bp.blogspot.com/-7lpQXOtqdKY/X75CyKWkdpI/AAAAAAAAAPc/THXUxT9rFKkvTdazuuad4HErW_5FJYJkACLcBGAsYHQ/s600/meme.unfaedah_id_123560094_204945231145523_8300442688522577959_n.jpg"
    },
    {
	"teks": " *MemeIndo* ",
	"image": "https://1.bp.blogspot.com/-0Zbuhd0z8eY/X75Cy9Wg5OI/AAAAAAAAAPo/8WwRzjhheBsHD6jH7hncZ5gLYdpzDwSRgCLcBGAsYHQ/s600/meme.unfaedah_id_123601686_121652963054715_8179877542639340630_n.jpg"
    },
    {
	"teks": " *MemeIndo* ",
	"image": "https://1.bp.blogspot.com/-aqfO_kg4FGU/X75Cy7OHxLI/AAAAAAAAAPk/P19naTmsZzk4gB0rLRcHaSfdd8MRR2QWwCLcBGAsYHQ/s600/meme.unfaedah_id_123602044_187976472891533_7192250692203565148_n.jpg"
    },
    {
	"teks": " *MemeIndo* ",
	"image": "https://1.bp.blogspot.com/-L9s_uZ99zJk/X75Cy4hcZGI/AAAAAAAAAPs/bFXK1jvhpq4S2tksfcDR4UvrDu-wI2wlgCLcBGAsYHQ/s600/meme.unfaedah_id_123617952_101060471804390_238814814755689994_n.jpg"
    },
    {
	"teks": " *MemeIndo* ",
	"image": "https://1.bp.blogspot.com/-LC7uloFUkWE/X75CzpUAI2I/AAAAAAAAAPw/A-KqWLpegCse_9wsMjybQdSsJIkXO30cACLcBGAsYHQ/s600/meme.unfaedah_id_123623505_455977175366528_8788827933200313260_n.jpg"
    },
    {
	"teks": " *MemeIndo* ",
	"image": "https://1.bp.blogspot.com/-NffUvUGHMa0/X75Cz5Gs1hI/AAAAAAAAAP4/0r8VIWvZgPAtLBvMbfQ1hV0LSZLh-vTOQCLcBGAsYHQ/s600/meme.unfaedah_id_123624298_385659519247152_513813103959091661_n.jpg"
    },
    {
	"teks": " *MemeIndo* ",
	"image": "https://1.bp.blogspot.com/-oKVxhBa_bVI/X75Cz2q3HbI/AAAAAAAAAP0/WDfFwMWiKX0zU55Hzo-dHox93ApoeEiVQCLcBGAsYHQ/s600/meme.unfaedah_id_123687907_195173528722782_724442801763750102_n.jpg"
    },
    {
	"teks": " *MemeIndo* ",
	"image": "https://1.bp.blogspot.com/-PCN9NKaxN0U/X75C0XW_AKI/AAAAAAAAAQA/mriTfVOEpSkCa3046AkdXxMlAvPu2PueQCLcBGAsYHQ/s600/meme.unfaedah_id_123740524_284204809506954_8105032705548359067_n.jpg"
    },
    {
	"teks": " *MemeIndo* ",
	"image": "https://1.bp.blogspot.com/-ZCO9Vv7Vf9w/X75C0WCA5fI/AAAAAAAAAP8/zWkjYtJtueIKRG5wdjioKcMQY-bcaUFIgCLcBGAsYHQ/s600/meme.unfaedah_id_123823428_389418472212679_1691869372386290056_n.jpg"
    },
    {
	"teks": " *MemeIndo* ",
	"image": "https://1.bp.blogspot.com/-vdvXA_yeZqs/X75C0m98c9I/AAAAAAAAAQE/PblQdcSifGo1hQmNDEpU749R-yxI1vyXgCLcBGAsYHQ/s600/meme.unfaedah_id_123855882_2763370770548533_5496552207739617385_n.jpg"
    },
    {
	"teks": " *MemeIndo* ",
	"image": "https://1.bp.blogspot.com/-jGrwrwbUEYU/X75C1CN1z9I/AAAAAAAAAQI/8OWUUeWtfYQeDHDTKKIc8sYTqx_78JtEQCLcBGAsYHQ/s600/meme.unfaedah_id_123936758_639693623392588_3694265680400674539_n.jpg"
    },
    {
	"teks": " *MemeIndo* ",
	"image": "https://1.bp.blogspot.com/-onwqP713t4E/X75C1LWPmjI/AAAAAAAAAQM/Cx7tNEdQfxcHBXeUUH-vr9p5rK0lOUFywCLcBGAsYHQ/s600/meme.unfaedah_id_123939184_386341405745141_3558326006151588543_n.jpg"
    },
    {
	"teks": " *MemeIndo* ",
	"image": "https://1.bp.blogspot.com/-5bJSd8F-cMM/X75C1SVSAMI/AAAAAAAAAQQ/E9_Und6ih6cUfLQUHvipBmsyr5gW0PA0ACLcBGAsYHQ/s600/meme.unfaedah_id_123953472_137782514749559_5849844041571877_n.jpg"
    },
    {
	"teks": " *MemeIndo* ",
	"image": "https://1.bp.blogspot.com/-o-WsXM7BTAU/X75C1lQP27I/AAAAAAAAAQU/YNF4dmMPSC0uhky6IFvZk4Lc9daIxgkfwCLcBGAsYHQ/s600/meme.unfaedah_id_123991326_398469048180453_336557749697220348_n.jpg"
    },
    {
	"teks": " *MemeIndo* ",
	"image": "https://1.bp.blogspot.com/-4TSzHks_3rQ/X75C2HfcuOI/AAAAAAAAAQc/59XAX4oVFCsCWdq1lW05B2-CLLoID7ZvQCLcBGAsYHQ/s600/meme.unfaedah_id_124045392_1028260794314382_5633851388654832717_n.jpg"
    },
    {
	"teks": " *MemeIndo* ",
	"image": "https://1.bp.blogspot.com/-0o4yZ7xrm7A/X75C1w5KGdI/AAAAAAAAAQY/RUVwg1zjYQwu84oARRo02qKLiXLxE2-jQCLcBGAsYHQ/s600/meme.unfaedah_id_123998173_200809944866900_5694153226906021999_n.jpg"
    },
    {
	"teks": " *MemeIndo* ",
	"image": "https://1.bp.blogspot.com/-4TSzHks_3rQ/X75C2HfcuOI/AAAAAAAAAQc/59XAX4oVFCsCWdq1lW05B2-CLLoID7ZvQCLcBGAsYHQ/s600/meme.unfaedah_id_124045392_1028260794314382_5633851388654832717_n.jpg"
    },
    {
	"teks": " *MemeIndo* ",
	"image": "https://1.bp.blogspot.com/-Mz7BMm-5WC8/X75C2UDvf7I/AAAAAAAAAQk/cdovZCHV_7A5NXO9MCP-bL-3C76RqtpowCLcBGAsYHQ/s600/meme.unfaedah_id_124183598_389024559010261_4925382097688219707_n.jpg"
    },
    {
	"teks": " *MemeIndo* ",
	"image": "https://1.bp.blogspot.com/-kBy39Y-s2yI/X75C2ZtxIxI/AAAAAAAAAQg/qoeypzkFedgyutviHo-paom93kLZRwT-ACLcBGAsYHQ/s600/meme.unfaedah_id_124431292_2747013168884025_7289170179681236251_n.jpg"
    },
    {
	"teks": " *MemeIndo* ",
	"image": "https://1.bp.blogspot.com/-osqMfQPXXvQ/X75C24HX4xI/AAAAAAAAAQo/2DTM6AY63V82b3WJsMoEwjj7LpoaBLdKgCLcBGAsYHQ/s600/meme.unfaedah_id_124461227_728908231362856_1278908760964556381_n.jpg"
    },
    {
	"teks": " *MemeIndo* ",
	"image": "https://1.bp.blogspot.com/-kRjtV41CTjI/X75C25XMwaI/AAAAAAAAAQs/0I9NkMwGHbU8oyjwGLglMfeMKNZWENP8QCLcBGAsYHQ/s600/meme.unfaedah_id_124570981_1025755554574335_6139929687100753541_n.jpg"
    },
    {
	"teks": " *MemeIndo* ",
	"image": "https://1.bp.blogspot.com/-QmcT4cKrkt0/X75C2_eh4eI/AAAAAAAAAQw/-kWeeT-INeYGFkDu4EZ3n2D3SdJBNI1zwCLcBGAsYHQ/s600/meme.unfaedah_id_125065202_195741102032665_7981229712844120858_n.jpg"
    },
    {
	"teks": " *MemeIndo* ",
	"image": "https://1.bp.blogspot.com/-HBIBnDW2lkE/X75C3njkQRI/AAAAAAAAAQ0/_FUcAIlyGkEwhn4FSX43A7ZKoLmk3K32ACLcBGAsYHQ/s600/meme.unfaedah_id_125179378_1294502977563696_3347688987581758996_n.jpg"
    }



]