[
    {
	"Judul": "Ogami Ochi ",
	"pdf": "https://srv-store6.gofile.io/download/YjBuEX/Ogami%20Ochi%20(Moeedesuyo.blogspot.com).pdf"
    
	},
	 {
	"Judul": "Hahaoya ga Onaho ni Saiteki na 3-tsu no Riyuu",
	"pdf": "https://srv-store6.gofile.io/download/XMWArf/Hahaoya%20ga%20Onaho%20ni%20Saiteki%20na%203-tsu%20no%20Riyuu%20(Moeedesuyo.blogspot.com).pdf"
    
	},
	{
	"Judul": "Benki no Kami-sama Toilet Goddess",
	"pdf": "https://srv-store6.gofile.io/download/Xz8lLR/Benki%20no%20Kami-sama%20Toilet%20Goddess%20%20(Moeedesuyo.blogspot.com).pdf"
    
	},
	{
	"Judul": "The Story of Being a Manager of This Rich Girl's Club Chapter 2",
	"pdf": "https://srv-store5.gofile.io/download/XcJwGV/The%20Story%20of%20Being%20a%20Manager%20of%20This%20Rich%20Girl's%20Club%20Chapter%202%20(Doujinmoee).pdf"
    
	},
	{
	"Judul": "Sexercise",
	"pdf": "https://srv-store1.gofile.io/download/SGfOsp/Sexercise%20Chapter%205%20(Doujinmoee.blogspot.com).pdf"
    
	},
	{
	"Judul": "Tokujo maguro",
	"pdf": "https://srv-store1.gofile.io/download/S6Kdj8/Tokujou%20Maguro%20Gal%20Prime%20Dead%20Lay%20Gal%20%20(Moeedesuyo.blogspot.com).pdf"
    
	},
	{
	"Judul": "Zoku Ore no Gaku Run o Kaese!",
	"pdf": "https://srv-store5.gofile.io/download/lLSvIh/Zoku%20Ore%20no%20Gaku%20Run%20o%20Kaese!%20(Moeedesuyo.blogspot.com).pdf"
    
	},
	{
	"Judul": "Doujinmoee",
	"pdf": "https://srv-store5.gofile.io/download/lLSvIh/Rouka%20no%20Musume%2002%20(Moeedesuyo.blogspot.com).pdf"
    
	},
	{
	"Judul": "Musuko no Omocha _Boshi o Tsunagu Haitoku no Yokubou",
	"pdf": "https://www.docdroid.net/file/download/IQp6Lu0/musuko-no-omocha-boshi-o-tsunagu-haitoku-no-yokubou-pdf.pdf"
    
	},
	{
	"Judul": "Muramata-san no Himitsu",
	"pdf": "https://www.docdroid.net/file/download/evrfpsO/muramata-san-no-himitsu-pdf.pdf"
    
	},
	{
	"Judul": "Mayonaka no Haha",
	"pdf": "https://www.docdroid.net/file/download/q4Eio0c/mayonaka-no-haha-pdf.pdf"
    
	},
	{
	"Judul": "Yuigahama Yui Mama",
	"pdf": "https://www.docdroid.net/file/download/O60iBeP/99-yuigahama-yui-mama-pdf.pdf"
    
	},
	{
	"Judul": "Seize the Big Girl, Young Man!",
	"pdf": "https://www.docdroid.net/file/download/HB73wVC/seize-the-big-girl-young-man-pdf.pdf"
    
	},
	{
	"Judul": "Sensei_no_Fukujuu_Lesson",
	"pdf": "https://www.docdroid.net/file/download/jcyeT21/kanzenin-sensei-no-fukujuu-lesson-chapter-4-pdf.pdf"
    
	},
	{
	"Judul": "Seize the Big Girl, Young Man!",
	"pdf": "https://www.docdroid.net/file/download/HB73wVC/seize-the-big-girl-young-man-pdf.pdf"
    
	},
	{
	"Judul": "Seize the Big Girl, Young Man!",
	"pdf": "https://www.docdroid.net/file/download/gR4qmrt/ibu-guru-pdf.pdf"
    
	},
	{
	"Judul": "Seize the Big Girl, Young Man!",
	"pdf": "https://www.docdroid.net/file/download/BDYzUYp/oyaji-ni-ryoujoku-hitozuma-pdf.pdf"
    
	},
	{
	"Judul": "Seize the Big Girl, Young Man!",
	"pdf": "https://www.docdroid.net/file/download/MjKO4y8/313796-awx-app-pdf.pdf"
    
	}

]