[
    {
	"teks": "Ringtone",
	"mp3": "https://www.dewanvision.com/wp-content/uploads/2018/08/tokeeekkkk.mp3"
    
	},
	{
	"teks": "Ringtone",
	"mp3": "https://www.dewanvision.com/wp-content/uploads/2018/08/suara_roti.mp3"
    
	},
	{
	"teks": "Ringtone",
	"mp3": "https://www.dewanvision.com/wp-content/uploads/2018/10/aduh_ya_ampun.mp3"
    
	},
	{
	"teks": "Ringtone",
	"mp3": "https://www.dewanvision.com/wp-content/uploads/2018/10/afika_2012.mp3"
    
	},
	{
	"teks": "Ringtone",
	"mp3": "https://www.dewanvision.com/wp-content/uploads/2018/10/aski_astaghfirullah.mp3"
    
	},
	{
	"teks": "Ringtone",
	"mp3": "https://www.dewanvision.com/wp-content/uploads/2018/10/aski_berhitung.mp3"
    
	},
	{
	"teks": "Ringtone",
	"mp3": "https://www.dewanvision.com/wp-content/uploads/2018/10/baby_dancou.mp3"
    
	},
	{
	"teks": "Ringtone",
	"mp3": "https://www.dewanvision.com/wp-content/uploads/2018/10/baby_dancou.mp3"
    
	},
	{
	"teks": "Ringtone",
	"mp3": "https://www.dewanvision.com/wp-content/uploads/2018/10/baby_remix.mp3"
    
	},
	{
	"teks": "Ringtone",
	"mp3": "https://www.dewanvision.com/wp-content/uploads/2018/10/baby_sms.mp3"
    
	},
	{
	"teks": "Ringtone",
	"mp3": "https://www.dewanvision.com/wp-content/uploads/2018/10/balon_lucu.mp3"
    
	},
	{
	"teks": "Ringtone",
	"mp3": "https://www.dewanvision.com/wp-content/uploads/2018/10/banjar.mp3"
    
	},
	{
	"teks": "Ringtone",
	"mp3": "https://www.dewanvision.com/wp-content/uploads/2018/10/batre_lemah.mp3"
    
	},
	{
	"teks": "Ringtone",
	"mp3": "https://www.dewanvision.com/wp-content/uploads/2018/10/bukan_pengemis_cinta.mp3"
    
	},
	{
	"teks": "Ringtone",
	"mp3": "https://www.dewanvision.com/wp-content/uploads/2018/10/cartoon_sound_effect.mp3"
    
	},
	{
	"teks": "Ringtone",
	"mp3": "https://www.dewanvision.com/wp-content/uploads/2018/10/chris_gangnam.mp3"
    
	},
	{
	"teks": "Ringtone",
	"mp3": "https://www.dewanvision.com/wp-content/uploads/2018/10/coli_bro.mp3"
    
	},
	{
	"teks": "Ringtone",
	"mp3": "https://www.dewanvision.com/wp-content/uploads/2018/10/doramon_sms.mp3"
    
	},
	{
	"teks": "Ringtone",
	"mp3": "https://www.dewanvision.com/wp-content/uploads/2018/10/funny_djana.mp3"
    
	},
	{
	"teks": "Ringtone",
	"mp3": "https://www.dewanvision.com/wp-content/uploads/2018/10/funny_frog.mp3"
    
	},
	{
	"teks": "Ringtone",
	"mp3": "https://www.dewanvision.com/wp-content/uploads/2018/10/funny_message_tone.mp3"
    
	},
	{
	"teks": "Ringtone",
	"mp3": "https://www.dewanvision.com/wp-content/uploads/2018/10/funny_sms.mp3"
    
	},
	{
	"teks": "Ringtone",
	"mp3": "https://www.dewanvision.com/wp-content/uploads/2018/10/hit_it.mp3"
    
	},
	{
	"teks": "Ringtone",
	"mp3": "https://www.dewanvision.com/wp-content/uploads/2018/10/ice_cream.mp3"
    
	},
	{
	"teks": "Ringtone",
	"mp3": "https://www.dewanvision.com/wp-content/uploads/2018/10/kangen_aku.mp3"
    
	}


]