[
    {
	"teks": "Ringtoneloli",
	"mp3": "https://www.mboxdrive.com/Loli%20Ringtones%20-%20Free%20by%20ZEDGE%E2%84%A2_5%20(1).mp3"
    
	},
	{
	"teks": "Ringtoneloli",
	"mp3": "https://www.mboxdrive.com/Loli%20Ringtones%20-%20Free%20by%20ZEDGE%E2%84%A2_2.mp3"
    
	},
	{
	"teks": "Ringtoneloli",
	"mp3": "https://www.mboxdrive.com/Loli%20Ringtones%20-%20Free%20by%20ZEDGE%E2%84%A2_28.mp3"
    
	},
	{
	"teks": "Ringtoneloli",
	"mp3": "https://www.mboxdrive.com/Loli%20Ringtones%20-%20Free%20by%20ZEDGE%E2%84%A2_26.mp3"
    
	},
	{
	"teks": "Ringtoneloli",
	"mp3": "https://www.mboxdrive.com/Loli%20Ringtones%20-%20Free%20by%20ZEDGE%E2%84%A2_7.mp3"
    
	},
	{
	"teks": "Ringtoneloli",
	"mp3": "https://www.mboxdrive.com/Loli%20Ringtones%20-%20Free%20by%20ZEDGE%E2%84%A2_46.mp3"
    
	},
	{
	"teks": "Ringtoneloli",
	"mp3": "https://www.mboxdrive.com/Loli%20Ringtones%20-%20Free%20by%20ZEDGE%E2%84%A2_43.mp3"
    
	},
	{
	"teks": "Ringtoneloli",
	"mp3": "https://www.mboxdrive.com/Loli%20Ringtones%20-%20Free%20by%20ZEDGE%E2%84%A2_3.mp3"
    
	},
	{
	"teks": "Ringtoneloli",
	"mp3": "https://www.mboxdrive.com/Loli%20Ringtones%20-%20Free%20by%20ZEDGE%E2%84%A2_44.mp3"
    
	},
	{
	"teks": "Ringtoneloli",
	"mp3": "https://www.mboxdrive.com/Loli%20Ringtones%20-%20Free%20by%20ZEDGE%E2%84%A2_33.mp3"
    
	},
	{
	"teks": "Ringtoneloli",
	"mp3": "https://www.mboxdrive.com/Loli%20Ringtones%20-%20Free%20by%20ZEDGE%E2%84%A2_48.mp3"
    
	},
	{
	"teks": "Ringtoneloli",
	"mp3": "https://www.mboxdrive.com/Loli%20Ringtones%20-%20Free%20by%20ZEDGE%E2%84%A2_40.mp3"
    
	},
	{
	"teks": "Ringtoneloli",
	"mp3": "https://www.mboxdrive.com/Loli%20Ringtones%20-%20Free%20by%20ZEDGE%E2%84%A2_30.mp3"
    
	},
	{
	"teks": "Ringtoneloli",
	"mp3": "https://www.mboxdrive.com/Loli%20Ringtones%20-%20Free%20by%20ZEDGE%E2%84%A2_29.mp3"
    
	},
	{
	"teks": "Ringtoneloli",
	"mp3": "https://www.mboxdrive.com/Loli%20Ringtones%20-%20Free%20by%20ZEDGE%E2%84%A2_24.mp3"
    
	},
	{
	"teks": "Ringtoneloli",
	"mp3": "https://www.mboxdrive.com/Loli%20Ringtones%20-%20Free%20by%20ZEDGE%E2%84%A2_9.mp3"
    
	},
	{
	"teks": "Ringtoneloli",
	"mp3": "https://www.mboxdrive.com/Loli%20Ringtones%20-%20Free%20by%20ZEDGE%E2%84%A2_52.mp3"
    
	},
	{
	"teks": "Ringtoneloli",
	"mp3": "https://www.mboxdrive.com/Loli%20Ringtones%20-%20Free%20by%20ZEDGE%E2%84%A2_38.mp3"
    
	},
	{
	"teks": "Ringtoneloli",
	"mp3": "https://www.mboxdrive.com/Loli%20Ringtones%20-%20Free%20by%20ZEDGE%E2%84%A2_25.mp3"
    
	},
	{
	"teks": "Ringtoneloli",
	"mp3": "https://www.mboxdrive.com/Loli%20Ringtones%20-%20Free%20by%20ZEDGE%E2%84%A2_32.mp3"
    
	},
	{
	"teks": "Ringtoneloli",
	"mp3": "https://www.mboxdrive.com/Loli%20Ringtones%20-%20Free%20by%20ZEDGE%E2%84%A2_55.mp3"
    
	},
	{
	"teks": "Ringtoneloli",
	"mp3": "https://www.mboxdrive.com/Loli%20Ringtones%20-%20Free%20by%20ZEDGE%E2%84%A2_6.mp3"
    
	},
	{
	"teks": "Ringtoneloli",
	"mp3": "https://www.mboxdrive.com/Loli%20Ringtones%20-%20Free%20by%20ZEDGE%E2%84%A2.mp3"
    
	},
	{
	"teks": "Ringtoneloli",
	"mp3": "https://www.mboxdrive.com/Loli%20Ringtones%20-%20Free%20by%20ZEDGE%E2%84%A2_37.mp3"
    
	},
	{
	"teks": "Ringtoneloli",
	"mp3": "https://www.mboxdrive.com/Loli%20Ringtones%20-%20Free%20by%20ZEDGE%E2%84%A2_34.mp3"
    
	},
	{
	"teks": "Ringtoneloli",
	"mp3": "https://www.mboxdrive.com/Loli%20Ringtones%20-%20Free%20by%20ZEDGE%E2%84%A2_4.mp3"
    
	},
	{
	"teks": "Ringtoneloli",
	"mp3": "https://www.mboxdrive.com/Loli%20Ringtones%20-%20Free%20by%20ZEDGE%E2%84%A2_10.mp3"
    
	},
	{
	"teks": "Ringtoneloli",
	"mp3": "https://www.mboxdrive.com/Loli%20Ringtones%20-%20Free%20by%20ZEDGE%E2%84%A2_56.mp3"
    
	},
	{
	"teks": "Ringtoneloli",
	"mp3": "https://www.mboxdrive.com/Loli%20Ringtones%20-%20Free%20by%20ZEDGE%E2%84%A2_47.mp3"
    
	},
	{
	"teks": "Ringtoneloli",
	"mp3": "https://www.mboxdrive.com/Loli%20Ringtones%20-%20Free%20by%20ZEDGE%E2%84%A2_8.mp3"
    
	},
	{
	"teks": "Ringtoneloli",
	"mp3": "https://www.mboxdrive.com/Loli%20Ringtones%20-%20Free%20by%20ZEDGE%E2%84%A2_27.mp3"
    
	},
	{
	"teks": "Ringtoneloli",
	"mp3": "https://www.mboxdrive.com/Loli%20Ringtones%20-%20Free%20by%20ZEDGE%E2%84%A2_36.mp3"
    
	},
	{
	"teks": "Ringtoneloli",
	"mp3": "https://www.mboxdrive.com/Loli%20Ringtones%20-%20Free%20by%20ZEDGE%E2%84%A2_22.mp3"
    
	},
	{
	"teks": "Ringtoneloli",
	"mp3": "https://www.mboxdrive.com/Loli%20Ringtones%20-%20Free%20by%20ZEDGE%E2%84%A2_49.mp3"
    
	},
	{
	"teks": "Ringtoneloli",
	"mp3": "https://www.mboxdrive.com/Loli%20Ringtones%20-%20Free%20by%20ZEDGE%E2%84%A2_39.mp3"
    
	},
	{
	"teks": "Ringtoneloli",
	"mp3": "https://www.mboxdrive.com/Loli%20Ringtones%20-%20Free%20by%20ZEDGE%E2%84%A2_54.mp3"
    
	},
	{
	"teks": "Ringtoneloli",
	"mp3": "https://www.mboxdrive.com/Loli%20Ringtones%20-%20Free%20by%20ZEDGE%E2%84%A2_45.mp3"
    
	},
	{
	"teks": "Ringtoneloli",
	"mp3": "https://www.mboxdrive.com/Loli%20Ringtones%20-%20Free%20by%20ZEDGE%E2%84%A2_31.mp3"
    
	},
	{
	"teks": "Ringtoneloli",
	"mp3": "https://www.mboxdrive.com/Loli%20Ringtones%20-%20Free%20by%20ZEDGE%E2%84%A2_51.mp3"
    
	},
	{
	"teks": "Ringtoneloli",
	"mp3": "https://www.mboxdrive.com/Loli%20Ringtones%20-%20Free%20by%20ZEDGE%E2%84%A2_41.mp3"
    
	},
	{
	"teks": "Ringtoneloli",
	"mp3": "https://www.mboxdrive.com/Loli%20Ringtones%20-%20Free%20by%20ZEDGE%E2%84%A2_35.mp3"
    
	},
	{
	"teks": "Ringtoneloli",
	"mp3": "https://srv-store5.gofile.io/download/vLhQyA/Loli%20Ringtones%20-%20Free%20by%20ZEDGE%E2%84%A2_48.mp3"
    
	},
	{
	"teks": "Ringtoneloli",
	"mp3": "https://www.mboxdrive.com/Yuu%20Ofuro.mp3"
    
	},
	{
	"teks": "Ringtoneloli",
	"mp3": "https://www.mboxdrive.com/Osoi.mp3"
    
	},
	{
	"teks": "Ringtoneloli",
	"mp3": "https://www.mboxdrive.com/Onii.mp3"
    
	},
	{
	"teks": "Ringtoneloli",
	"mp3": "https://www.mboxdrive.com/Ofuro.mp3"
    
	},
	{
	"teks": "Ringtoneloli",
	"mp3": "https://www.mboxdrive.com/Nemu.mp3"
    
	},
	{
	"teks": "Ringtoneloli",
	"mp3": "https://www.mboxdrive.com/Kyu.mp3"
    
	},
	{
	"teks": "Ringtoneloli",
	"mp3": "https://www.mboxdrive.com/Ikanai%20de.mp3"
    
	},
	{
	"teks": "Ringtoneloli",
	"mp3": "https://www.mboxdrive.com/Gohan.mp3"
    
	},
	{
	"teks": "Ringtoneloli",
	"mp3": "https://www.mboxdrive.com/Pomf%20Pomf.mp3"
    
	},
	{
	"teks": "Ringtoneloli",
	"mp3": "https://www.mboxdrive.com/Loli%20Ruri%20Sms.mp3"
    
	},
	{
	"teks": "Ringtoneloli",
	"mp3": "https://www.mboxdrive.com/Loli%20Voice%20Kawaii.mp3"
    
	},
	{
	"teks": "Ringtoneloli",
	"mp3": "https://www.mboxdrive.com/Yawn.mp3"
    
	},
	{
	"teks": "Ringtoneloli",
	"mp3": "https://www.mboxdrive.com/Liter%20Heart.mp3"
    
	},
	{
	"teks": "Ringtoneloli",
	"mp3": "https://www.mboxdrive.com/Country%20road%20UwU.mp3"
    
	},
	{
	"teks": "Ringtoneloli",
	"mp3": "https://www.mboxdrive.com/Kanna-%20Doom.mp3"
    
	},
	{
	"teks": "Ringtoneloli",
	"mp3": "https://www.mboxdrive.com/Oniichan%203.mp3"
    
	},
	{
	"teks": "Ringtoneloli",
	"mp3": "https://www.mboxdrive.com/Oniichan%202.mp3"
    
	},
	{
	"teks": "Ringtoneloli",
	"mp3": "https://www.mboxdrive.com/Oniichan%201.mp3"
    
	},
	{
	"teks": "Ringtoneloli",
	"mp3": "https://www.mboxdrive.com/Shinobu%20laughing%202.mp3"
    
	},
	{
	"teks": "Ringtoneloli",
	"mp3": "https://www.mboxdrive.com/pomf%20pomf%20kimochi.mp3"
    
	},
	{
	"teks": "Ringtoneloli",
	"mp3": "https://www.mboxdrive.com/Shinobu%20laughing%202.mp3"
    
	},
	{
	"teks": "Ringtoneloli",
	"mp3": "https://www.mboxdrive.com/pomf%20pomf%20kimochi.mp3"
    
	},
	{
	"teks": "Ringtoneloli",
	"mp3": "https://www.mboxdrive.com/Ringtones%20japoneses%201%20(ENG%20SUB).mp3"
    
	}


]