[
	 {
	"Judul": "*Random Songs Anime*",
	"mp3": "https://www.mboxdrive.com/ChouCho%20Authentic%20Symphony%20-Acoustic%20ver.-.mp3"
    
	},
    {
	"Judul": "*Random Songs Anime*",
	"mp3": "https://www.mboxdrive.com/%E4%B8%80%E9%A6%96%E5%A5%BD%E8%81%BD%E7%9A%84%E6%97%A5%E8%AA%9E%E6%AD%8C%E3%83%AC%E3%83%B3%E3%83%88%E3%83%AA%E3%83%AA%E3%83%BC%E7%86%8A%E5%AD%90%E4%B8%AD%E6%97%A5%E6%AD%8C%E8%A9%9ELyrics.mp3"
    
	},
	{
	"Judul": "*Random Songs Anime*",
	"mp3": "https://www.mboxdrive.com/%E4%B8%80%E9%A6%96%E5%A5%BD%E8%81%BD%E7%9A%84%E6%97%A5%E8%AA%9E%E6%AD%8C%E6%99%82%E9%9B%A8%E5%B7%9D%E5%B6%8B%E3%81%82%E3%81%84%E4%B8%AD%E6%97%A5%E6%AD%8C%E8%A9%9ELyrics.mp3"
    
	},
	{
	"Judul": "*Random Songs Anime*",
	"mp3": "https://www.mboxdrive.com/%E4%B8%80%E9%A6%96%E5%A5%BD%E8%81%BD%E7%9A%84%E6%97%A5%E8%AA%9E%E6%AD%8C%E5%90%9B%E3%81%AE%E8%84%88%E3%81%A7%E8%B8%8A%E3%82%8A%E3%81%9F%E3%81%8B%E3%81%A3%E3%81%9F%E9%95%B7%E6%BE%A4%E9%99%B5%E5%B7%9D%E4%B8%AD%E6%97%A5%E6%AD%8C%E8%A9%9ELyrics.mp3"
    
	},
	{
	"Judul": "*Random Songs Anime*",
	"mp3": "https://www.mboxdrive.com/%E4%B8%80%E9%A6%96%E5%A5%BD%E8%81%BD%E7%9A%84%E6%97%A5%E8%AA%9E%E6%AD%8C%E3%82%B1%E3%82%AC%E3%83%AC%E3%81%AE%E5%94%84%E9%95%B7%E6%BE%A4%E9%99%B5%E5%B7%9D%E4%B8%AD%E6%97%A5%E6%AD%8C%E8%A9%9ELyrics.mp3"
    
	},
	{
	"Judul": "*Random Songs Anime*",
	"mp3": "https://www.mboxdrive.com/Dirty%20Platypus%20-%20%E5%A4%9C%E7%A9%BA%20Ciel%20Nocturne%20(Ft.%E6%A1%9C%E4%B9%83%E3%81%9D%E3%82%89&ALYS).mp3"
    
	},
	{
	"Judul": "*Random Songs Anime*",
	"mp3": "https://www.mboxdrive.com/%E4%B8%80%E9%A6%96%E5%A5%BD%E8%81%BD%E7%9A%84%E6%97%A5%E8%AA%9E%E6%AD%8C%E5%91%BD%E3%81%AB%E5%AB%8C%E3%82%8F%E3%82%8C%E3%81%A6%E3%81%84%E3%82%8B%E8%8A%9D%E9%BA%BBMochi%E4%B8%AD%E6%97%A5%E6%AD%8C%E8%A9%9ELyrics.mp3"
    
	},
	{
	"Judul": "*Random Songs Anime*",
	"mp3": "https://www.mboxdrive.com/%E4%B8%80%E9%A6%96%E5%A5%BD%E8%81%BD%E7%9A%84%E6%97%A5%E8%AA%9E%E6%AD%8CWinding%20roadTiara%E4%B8%AD%E6%97%A5%E6%AD%8C%E8%A9%9ELyrics.mp3"
    
	},
	{
	"Judul": "*Random Songs Anime*",
	"mp3": "https://www.mboxdrive.com/%E4%B8%80%E9%A6%96%E5%A5%BD%E8%81%BD%E7%9A%84%E6%97%A5%E8%AA%9E%E6%AD%8C%E3%81%A0%E3%81%8B%E3%82%89%E5%83%95%E3%81%AF%E9%9F%B3%E6%A5%BD%E3%82%92%E8%BE%9E%E3%82%81%E3%81%9FSawako%E7%A2%8E%E8%8A%B1%E4%B8%AD%E6%97%A5%E6%AD%8C%E8%A9%9ELyrics.mp3"
    
	},
	{
	"Judul": "*Random Songs Anime*",
	"mp3": "https://www.mboxdrive.com/%E4%B8%80%E9%A6%96%E5%A5%BD%E8%81%BD%E7%9A%84%E6%97%A5%E8%AA%9E%E6%AD%8C%E3%83%AF%E3%83%BC%E3%83%AB%E3%83%89%E3%83%AF%E3%82%A4%E3%83%89%E3%83%9C%E3%82%AF%E3%82%B7%E3%82%B9%E3%83%86%E3%83%A0%E5%A4%8F%E7%92%83%E5%A4%9C%E4%B8%AD%E6%97%A5%E6%AD%8C%E8%A9%9ELyrics.mp3"
    
	},
	{
	"Judul": "*Random Songs Anime*",
	"mp3": "https://www.mboxdrive.com/%E4%B8%80%E9%A6%96%E5%A5%BD%E8%81%BD%E7%9A%84%E6%97%A5%E8%AA%9E%E6%AD%8CglowHG%E4%B8%AD%E6%97%A5%E6%AD%8C%E8%A9%9ELyrics.mp3"
    
	},
	{
	"Judul": "*Random Songs Anime*",
	"mp3": "https://www.mboxdrive.com/%E4%B8%80%E9%A6%96%E5%A5%BD%E8%81%BD%E7%9A%84%E6%97%A5%E8%AA%9E%E6%AD%8C%E3%81%93%E3%82%93%E3%81%AA%E3%81%AB%E3%82%82dream%E4%B8%AD%E6%97%A5%E6%AD%8C%E8%A9%9ELyrics.mp3"
    
	},
	{
	"Judul": "*Random Songs Anime*",
	"mp3": "https://www.mboxdrive.com/%E4%B8%80%E9%A6%96%E5%A5%BD%E8%81%BD%E7%9A%84%E6%97%A5%E8%AA%9E%E6%AD%8CFairy%20Wreath%E7%86%8A%E5%A4%AAkuma%E5%86%B0%E9%8E%AE%E8%B1%86%E6%B2%99%E5%90%9B%E4%B8%AD%E6%97%A5%E6%AD%8C%E8%A9%9ELyrics.mp3"
    
	},
	{
	"Judul": "*Random Songs Anime*",
	"mp3": "https://www.mboxdrive.com/%E4%B8%80%E9%A6%96%E5%A5%BD%E8%81%BD%E7%9A%84%E6%97%A5%E8%AA%9E%E6%AD%8C%E3%82%AB%E3%82%BF%E3%82%AA%E3%83%A2%E3%82%A4Yoko%E8%91%89%E4%B8%AD%E6%97%A5%E6%AD%8C%E8%A9%9ELyrics.mp3"
    
	},
	{
	"Judul": "*Random Songs Anime*",
	"mp3": "https://www.mboxdrive.com/%E9%AC%BC%E6%BB%85%E3%81%AE%E5%88%83%20demon%20slayer%20-%20Gureng%20%E7%B4%85%E8%93%AE%E8%8F%AF%20(feat.IA)%20(Nju%20Remix)%E4%B8%AD%E6%97%A5%E6%AD%8C%E8%A9%9ELyrics.mp3"
    
	},
	{
	"Judul": "*Random Songs Anime*",
	"mp3": "https://www.mboxdrive.com/%E4%B8%80%E9%A6%96%E5%A5%BD%E8%81%BD%E7%9A%84%E6%97%A5%E8%AA%9E%E6%AD%8C%E5%8B%BE%E6%8C%87%E8%B5%B7%E8%AA%93%20(%E6%97%A5%E6%96%87%E7%89%88)Yoko%E8%91%89%E4%B8%AD%E6%97%A5%E6%AD%8C%E8%A9%9ELyrics.mp3"
    
	},
	{
	"Judul": "*Random Songs Anime*",
	"mp3": "https://www.mboxdrive.com/%E4%B8%80%E9%A6%96%E5%A5%BD%E8%81%BD%E7%9A%84%E6%97%A5%E8%AA%9E%E6%AD%8C%E5%B8%9D%E5%9B%BD%E5%B0%91%E5%A5%B3Sawako%E7%A2%8E%E8%8A%B1%E4%B8%AD%E6%97%A5%E6%AD%8C%E8%A9%9ELyrics.mp3"
    
	},
	{
	"Judul": "*Random Songs Anime*",
	"mp3": "https://www.mboxdrive.com/Len%20-%20Summers%20(feat.%20Such%20&%20%E6%9D%A5%E6%B5%B7).mp3"
    
	},
	{
	"Judul": "*Random Songs Anime*",
	"mp3": "https://www.mboxdrive.com/Kirara%20Magic%20-%20Moka%20(Feat.%20Ninnin).mp3"
    
	},
	{
	"Judul": "*Random Songs Anime*",
	"mp3": "https://www.mboxdrive.com/Kirara%20Magic%20-%20Aurora%20(feat.%20Shion).mp3"
    
	},
	{
	"Judul": "*Random Songs Anime*",
	"mp3": "https://www.mboxdrive.com/Dirty%20Platypus%20&%20JNG%20-%20Hall%20Of%20Fame.mp3"
    
	},
	{
	"Judul": "*Random Songs Anime*",
	"mp3": "https://www.mboxdrive.com/%E4%B8%80%E9%A6%96%E5%A5%BD%E8%81%BD%E7%9A%84%E6%97%A5%E8%AA%9E%E6%AD%8C%E5%BD%BC%E5%A5%B3%E3%81%AF%E6%97%85%E3%81%AB%E5%87%BA%E3%82%8B%E5%86%B0%E9%8E%AE%E8%B1%86%E6%B2%99%E5%90%9B%E4%B8%AD%E6%97%A5%E6%AD%8C%E8%A9%9ELyrics.mp3"
    
	},
	{
	"Judul": "*Random Songs Anime*",
	"mp3": "https://www.mboxdrive.com/Tachibana%20Mikuru%20-%20Summer%20(ft.%20Hatsune%20Miku).mp3"
    
	},
	{
	"Judul": "*Random Songs Anime*",
	"mp3": "https://www.mboxdrive.com/KYOTOKONKON%20x%20rakurui%20-%20Raindrops%20(feat.%E5%88%9D%E9%9F%B3%E3%83%9F%E3%82%AF).mp3"
    
	},
	{
	"Judul": "*Random Songs Anime*",
	"mp3": "https://www.mboxdrive.com/%E4%B8%80%E9%A6%96%E5%A5%BD%E8%81%BD%E7%9A%84%E6%97%A5%E8%AA%9E%E6%AD%8CAlice%E5%8D%8A%E9%A6%96%E5%8D%83%E4%B8%AD%E6%97%A5%E6%AD%8C%E8%A9%9ELyrics.mp3"
    
	},
	{
	"Judul": "*Random Songs Anime*",
	"mp3": "https://www.mboxdrive.com/%E4%B8%80%E9%A6%96%E5%A5%BD%E8%81%BD%E7%9A%84%E6%97%A5%E8%AA%9E%E6%AD%8C%E5%A4%9C%E3%81%AB%E9%A7%86%E3%81%91%E3%82%8B%20(%E5%A5%94%E5%90%91%E9%BB%91%E5%A4%9C)%20(Cover)Sawako%E7%A2%8E%E8%8A%B1%E4%B8%AD%E6%97%A5%E6%AD%8C%E8%A9%9ELyrics.mp3"
    
	},
	{
	"Judul": "*Random Songs Anime*",
	"mp3": "https://www.mboxdrive.com/%E4%B8%80%E9%A6%96%E5%A5%BD%E8%81%BD%E7%9A%84%E6%97%A5%E8%AA%9E%E6%AD%8CONE's%20hope%E3%82%84%E3%81%AA%E3%81%8E%E3%81%AA%E3%81%8E%E4%B8%AD%E6%97%A5%E6%AD%8C%E8%A9%9ELyrics.mp3"
    
	},
	{
	"Judul": "*Random Songs Anime*",
	"mp3": "https://www.mboxdrive.com/%E4%B8%80%E9%A6%96%E5%A5%BD%E8%81%BD%E7%9A%84%E6%97%A5%E8%AA%9E%E6%AD%8C%E3%82%A4%E3%83%B3%E3%82%BF%E3%83%93%E3%83%A5%E3%82%A2HG%E4%B8%AD%E6%97%A5%E6%AD%8C%E8%A9%9ELyrics.mp3"
    
	},
	{
	"Judul": "*Random Songs Anime*",
	"mp3": "https://www.mboxdrive.com/%E4%B8%80%E9%A6%96%E5%A5%BD%E8%81%BD%E7%9A%84%E6%97%A5%E8%AA%9E%E6%AD%8C+kousef%E4%B8%AD%E6%97%A5%E6%AD%8C%E8%A9%9ELyrics.mp3"
    
	},
	{
	"Judul": "*Random Songs Anime*",
	"mp3": "https://www.mboxdrive.com/%E4%B8%80%E9%A6%96%E5%A5%BD%E8%81%BD%E7%9A%84%E6%97%A5%E8%AA%9E%E6%AD%8C%E6%AD%A2%E3%81%BE%E3%81%AA%E3%81%84%E9%9B%A8%E3%81%AB%E8%8A%B1%E6%9D%9F%E3%82%92nayuta%E4%B8%AD%E6%97%A5%E6%AD%8C%E8%A9%9ELyrics%20(1).mp3"
    
	},
	{
	"Judul": "*Random Songs Anime*",
	"mp3": "https://www.mboxdrive.com/%E4%B8%80%E9%A6%96%E5%A5%BD%E8%81%BD%E7%9A%84%E6%97%A5%E8%AA%9E%E6%AD%8C%E5%A4%8F%E3%81%8C%E9%9B%B6%E3%82%8C%E3%81%A6%E3%82%86%E3%81%8F%E6%9F%8A%E5%8D%97%E4%B8%AD%E6%97%A5%E6%AD%8C%E8%A9%9ELyrics.mp3"
    
	},
	{
	"Judul": "*Random Songs Anime*",
	"mp3": "https://www.mboxdrive.com/%E4%B8%80%E9%A6%96%E5%A5%BD%E8%81%BD%E7%9A%84%E6%97%A5%E8%AA%9E%E6%AD%8C%E6%AD%A2%E3%81%BE%E3%81%AA%E3%81%84%E9%9B%A8%E3%81%AB%E8%8A%B1%E6%9D%9F%E3%82%92nayuta%E4%B8%AD%E6%97%A5%E6%AD%8C%E8%A9%9ELyrics.mp3"
    
	},
	{
	"Judul": "*Random Songs Anime*",
	"mp3": "https://www.mboxdrive.com/YOASOBI%20-%20%E5%A4%9C%E3%81%AB%E9%A7%86%E3%81%91%E3%82%8B%20(Lone%20Alpha%20Remix).mp3"
    
	},
	{
	"Judul": "*Random Songs Anime*",
	"mp3": "https://www.mboxdrive.com/%E4%B8%80%E9%A6%96%E5%A5%BD%E8%81%BD%E7%9A%84%E6%97%A5%E8%AA%9E%E6%AD%8C%E6%98%9F%E3%81%AE%E5%94%84-Acoustic%20ver.%E7%9C%9F%E6%A0%97%E4%B8%AD%E6%97%A5%E6%AD%8C%E8%A9%9ELyrics.mp3"
    
	},
	{
	"Judul": "*Random Songs Anime*",
	"mp3": "https://www.mboxdrive.com/Calc.%20%E6%AD%8C%E3%81%A3%E3%81%A6%E3%81%BF%E3%81%9F%20Cover%20by%20%E3%83%96%E3%83%AB%E3%83%BC%E5%AD%90%20Bluey.mp3"
    
	},
	{
	"Judul": "*Random Songs Anime*",
	"mp3": "https://www.mboxdrive.com/Kirara%20Magic%20-%20Journey%20(feat.%20Ugu)%20(Lone%20Alpha%20Remix)%20(1).mp3"
    
	},
	{
	"Judul": "*Random Songs Anime*",
	"mp3": "https://www.mboxdrive.com/Shirotsu%20&%20Yuura%20-%20Beyond%20Time.mp3"
    
	},
	{
	"Judul": "*Random Songs Anime*",
	"mp3": "https://www.mboxdrive.com/Uz%20-%20Orangestar%20Cover%20by%20%E3%83%96%E3%83%AB%E3%83%BC%E5%AD%90%20Bluey.mp3"
    
	},
	{
	"Judul": "*Random Songs Anime*",
	"mp3": "https://www.mboxdrive.com/Calliope%20Mori%20-%20%E5%A4%B1%E7%A4%BC%E3%81%97%E3%81%BE%E3%81%99%E3%81%8CRIP%20(%C3%90%C3%A1ren%20Remix).mp3"
    
	}
	

	

]